Timestamp,Email Address,1. Quality Certification Date ,2. Region,3. Woreda,4. Market ID,5. Farmer Name  ,6. Gender ,7. Age,8. Kebele,9. Village,10. Phone Number,11. Volume Certified (qtl),12. Quality of Wheat Certified,13. Source of Information,"14. If Other, Write the source of Information",15. Wheat quality check encourage farmers to produce quality wheat in the future (Farmer opinion)
3/4/2020 11:31:13,xxxx@digitalgreen.org,2/11/2020,Amhara,Siyadebir,09,xxxxxx,Male,24,wele,ambeco,0000000,0.5,Grade A,Other,friends,Agree
3/4/2020 11:33:52,xxxx@digitalgreen.org,2/11/2020,Amhara,Siyadebir,09,xxxxxx,Male,26,wele,ambeco,,0.5,Grade A,Other,friends,Agree
3/8/2020 14:49:22,xxxx@digitalgreen.org,2/11/2020,Amhara,Siyadebir,09,xxxxxx,Male,34,rome,gadwa,0,0.5,Grade A,Other,friends,Agree
3/8/2020 14:54:51,xxxx@digitalgreen.org,2/11/2020,Amhara,Siyadebir,09,xxxxxx,Male,38,rome,gudwa,,0.5,Grade B,Other,friends,Agree
3/8/2020 14:57:20,xxxx@digitalgreen.org,2/11/2020,Amhara,Siyadebir,09,,Male,36,wole,ambeco,,0.5,Grade B,Other,family ,Agree
3/8/2020 15:00:06,xxxx@digitalgreen.org,2/13/2020,Amhara,Siyadebir,09,,Male,28,wole,ambeco,0,0.5,Grade A,Other,friends,Agree
3/8/2020 15:03:23,xxxx@digitalgreen.org,2/13/2020,Amhara,Siyadebir,09,,Male,38,wole,bonya,,0.5,Disqualified,Other,friends,Agree
3/8/2020 15:05:53,xxxx@digitalgreen.org,2/13/2020,Amhara,Siyadebir,09,,Male,25,wole,goha,,2,Grade B,Other,family,Agree
3/8/2020 15:08:19,xxxx@digitalgreen.org,2/13/2020,Amhara,Siyadebir,09,,Male,26,wole,goha,,3,Disqualified,Other,family ,Strongly agree
3/8/2020 15:16:50,xxxx@digitalgreen.org,2/13/2020,Amhara,Siyadebir,09,,Male,42,rome,gudwa,,0.5,Grade A,Other,friends,Agree
3/8/2020 15:19:11,xxxx@digitalgreen.org,2/13/2020,Amhara,Siyadebir,09,,Male,40,rome,gota,,0.5,Grade A,Other,family,Agree
3/8/2020 15:21:13,xxxx@digitalgreen.org,2/13/2020,Amhara,Siyadebir,09,,Male,28,wole,ambeco,,0.5,Grade A,Other,friends,Agree
3/8/2020 15:23:27,xxxx@digitalgreen.org,2/13/2020,Amhara,Siyadebir,09,,Male,26,wole,coby,,3,Disqualified,Other,friends,Agree
3/8/2020 15:25:37,xxxx@digitalgreen.org,2/27/2020,Amhara,Siyadebir,09,,Male,26,rome,rome,,2,Disqualified,Other,friends,Agree
3/8/2020 15:28:14,xxxx@digitalgreen.org,2/27/2020,Amhara,Siyadebir,09,,Male,33,koby,bonya,,1,Disqualified,Other,friends,Agree
3/8/2020 15:30:43,,2/27/2020,Amhara,Siyadebir,09,,Male,28,wole,wole,,2,Grade A,Other,farmer ,Agree
3/8/2020 15:32:45,,2/27/2020,Amhara,Siyadebir,09,,Male,50,wole,chanco,,0.5,Grade B,Other,friends,Agree
3/8/2020 15:34:27,,2/27/2020,Amhara,Siyadebir,09,,Female,20,rome,godwa,,0.5,Grade A,Other,friends,Agree
3/8/2020 15:36:36,,3/3/2020,Amhara,Siyadebir,09,,Male,24,wole,bonya,,2,Grade A,Other,friends,Agree
3/8/2020 15:38:16,,3/3/2020,Amhara,Siyadebir,09,,Male,37,rome,gudwa,,1,Grade B,FTC,DA,Agree
3/8/2020 15:39:57,,3/3/2020,Amhara,Siyadebir,09,,Male,45,rome,gora,,0.5,Grade B,Other,friends,Agree
3/16/2020 19:41:24,,2/3/2020,Amhara,Siyadebir,09,,Male,38,wole,bonya,,4,Grade A,Other,friends,Agree
3/16/2020 19:43:56,,2/3/2020,Amhara,Siyadebir,09,,Male,35,agersa kubeti,geresa,,2,Grade B,Other,brosher,Agree
3/16/2020 19:46:50,,2/3/2020,Amhara,Siyadebir,09,,Male,35,agersa kubeti,gersa,,4,Grade A,Other,brosher,Agree
3/16/2020 19:50:31,,2/4/2020,Amhara,Siyadebir,09,,Female,20,rome,gadula,,3,Grade A,Other,brosher,Agree
3/16/2020 19:52:55,,2/4/2020,Amhara,Siyadebir,09,,Female,60,wole,bonya,,4,Grade A,Other,brosher,Agree
3/17/2020 6:41:59,,3/10/2020,Amhara,Siyadebir,09,,Male,40,agersa kubeti,geresa,,1,Grade A,Other,brosher,Agree
3/17/2020 6:45:43,,3/10/2020,Amhara,Siyadebir,09,,Male,40,agersa kubeti,geresa,,2,Grade A,Other,friends,Agree
3/17/2020 6:49:19,,3/10/2020,Amhara,Siyadebir,09,,Male,39,agersa kubeti,geresa,,1,Grade B,Other,brosher,Agree
3/17/2020 7:01:11,,3/10/2020,Amhara,Siyadebir,09,,Male,38,geresa kubeti,geresa,,2,Grade A,Other,brosher,Agree
3/17/2020 7:07:52,,3/10/2020,Amhara,Siyadebir,09,,Male,40,ageresakubeti,geresa,,4,Grade A,Other,friends,Agree
3/17/2020 7:17:25,xxxx@digitalgreen.org,3/10/2020,Amhara,Siyadebir,09,,Male,42,rome,egu,,1,Grade A,Other,friends,Agree
3/17/2020 7:19:34,xxxx@digitalgreen.org,3/10/2020,Amhara,Siyadebir,09,,Male,60,agersa kubeti,get amba,,2,Grade B,Other,friends,Agree
3/17/2020 7:21:57,xxxx@digitalgreen.org,3/10/2020,Amhara,Siyadebir,09,,Male,40,agersa kubeti,get amba,,2,Grade B,Other,DA,Agree
3/17/2020 7:27:45,xxxx@digitalgreen.org,3/10/2020,Amhara,Siyadebir,09,,Male,28,wole,ambeco,,4,Grade B,Other,friends,Agree
3/17/2020 7:29:30,xxxx@digitalgreen.org,3/10/2020,Amhara,Siyadebir,09,,Male,26,rome,gadula,,1,Grade A,Other,brosher,Agree
3/17/2020 7:31:12,xxxx@digitalgreen.org,3/10/2020,Amhara,Siyadebir,09,,Male,33,agersa kubeti,gotet dega,,2,Grade A,Other,friends,Agree
3/17/2020 7:33:01,xxxx@digitalgreen.org,3/10/2020,Amhara,Siyadebir,09,,Male,65,agersa kubeti,gotet dega,,1,Grade B,Other,friends,Agree
3/17/2020 7:34:36,xxxx@digitalgreen.org,3/10/2020,Amhara,Siyadebir,09,,Male,38,rome,gadula,,1,Grade A,Other,brosher,Agree
3/2/2020 15:39:26,xxxx@digitalgreen.org,3/2/2020,Amhara,Basona Woerna,06,,Male,30,gushebado,gushebado,,0.5,Grade A,Other,some one from the market,Agree
3/2/2020 15:41:38,xxxx@digitalgreen.org,3/1/2020,Amhara,Basona Woerna,06,,Male,45,gushebado,gushebado,,0.5,Grade C,Other,his friend,Agree
3/2/2020 15:43:29,xxxx@digitalgreen.org,3/1/2020,Amhara,Basona Woerna,06,,Female,36,gushebado,gushebado,,0.5,Grade B,Other,from his friend,Agree
3/2/2020 15:46:19,xxxx@digitalgreen.org,3/1/2020,Amhara,Basona Woerna,06,,Male,53,gushebado,gushebado,,0.5,Grade A,FTC,DA,Agree
3/9/2020 16:41:17,xxxx@digitalgreen.org,2/16/2020,Amhara,Basona Woerna,06,,Female,35,gushebado,kegur,,4,Grade A,Other,friends,Agree
3/9/2020 16:43:00,xxxx@digitalgreen.org,2/16/2020,Amhara,Basona Woerna,06,,Male,45,gushebado,key afer,,2,Grade A,Other,DA,Agree
3/9/2020 16:45:05,xxxx@digitalgreen.org,2/23/2020,Amhara,Basona Woerna,06,,Male,32,gushebado,menakoriya,,1,Grade A,Other,DA,Agree
3/9/2020 16:46:47,,2/23/2020,Amhara,Basona Woerna,06,,Male,32,gushebado,gushebado,,3,Grade A,Other,friends,Agree
3/9/2020 16:48:27,,3/1/2020,Amhara,Basona Woerna,06,,Female,30,gushebado,atewasha,,2,Grade A,Other,friends,Agree
3/9/2020 16:50:18,,3/1/2020,Amhara,Basona Woerna,06,,Male,45,gushebado,zinjerogedel,,2,Disqualified,Other,friends,Agree
3/9/2020 16:52:03,,3/1/2020,Amhara,Basona Woerna,06,,Female,36,gushebado,mishamisho,,1,Grade C,Other,friends,Agree
3/9/2020 16:54:14,,3/1/2020,Amhara,Basona Woerna,06,,Male,53,gushebado,denjan,,1,Grade A,Other,friends,Agree
3/9/2020 16:56:00,,3/8/2020,Amhara,Basona Woerna,06,,Female,48,gushebado,talak amba,,2,Grade A,Other,DA,Agree
3/9/2020 16:57:40,,3/8/2020,Amhara,Basona Woerna,06,,Male,30,gushebado,kirte,,1,Grade A,Other,friends,Agree
3/9/2020 16:59:32,,3/8/2020,Amhara,Basona Woerna,06,,Male,38,gushebado,talak amba,,2,Grade C,Other,DA,Agree
3/16/2020 19:28:09,,3/15/2020,Amhara,Basona Woerna,06,,Male,31,gushebado,gushebado,,0.5,Grade C,Other,brosher,Agree
3/16/2020 19:30:39,,3/15/2020,Amhara,Basona Woerna,06,,Male,35,gushebado,weyifeweha,,1,Grade A,Other,DA,Agree
3/16/2020 19:32:40,,3/15/2020,Amhara,Basona Woerna,06,,Male,40,gushebado,gushebado,,2,Disqualified,Other,friends,Agree
3/16/2020 19:34:52,,3/15/2020,Amhara,Basona Woerna,06,,Male,36,gushebado,talak amba,,3,Disqualified,Other,friends,Agree
3/9/2020 16:15:28,,2/8/2020,Amhara,Basona Woerna,05,,Male,72,gudoberet,werage,,1,Grade A,Other,friends,Agree
3/9/2020 16:17:43,,2/8/2020,Amhara,Basona Woerna,05,,Male,39,gudoberet,werage,,1,Grade A,Other,friends ,Agree
3/9/2020 16:20:00,,2/8/2020,Amhara,Basona Woerna,05,,Male,55,gudoberet,mehalamba,,1,Grade A,Other,friends,Agree
3/9/2020 16:21:54,,2/8/2020,Amhara,Basona Woerna,05,,Female,57,gudoberet,gurarba,,1,Grade A,Other,DA,Agree
3/9/2020 16:23:38,,2/15/2020,Amhara,Basona Woerna,05,,Male,43,gudoberet,werage,,2,Grade A,Other,DA,Agree
3/9/2020 16:25:13,,2/15/2020,Amhara,Basona Woerna,05,,Male,35,gudoberet,gudoberet,,1,Grade A,Other,DA,Agree
3/9/2020 16:27:09,,2/15/2020,Amhara,Basona Woerna,05,,Male,60,gudoberet,werage,,1,Grade A,FTC,DA,Agree
3/9/2020 16:29:21,,2/15/2020,Amhara,Basona Woerna,05,,Female,30,gudoberet,wenbero,,1,Grade A,Other,DA,Agree
3/9/2020 16:31:11,,2/15/2020,Amhara,Basona Woerna,05,,Male,45,gudoberet,gudoberet,,2,Grade A,Other,friends,Agree
3/9/2020 16:32:54,,2/15/2020,Amhara,Basona Woerna,05,,Female,60,gudoberet,gibi,,1,Grade A,Other,friends,Agree
3/9/2020 16:34:33,,2/22/2020,Amhara,Basona Woerna,05,,Female,40,gudoberet,werage,,2,Grade B,Other,DA,Agree
3/9/2020 16:36:24,,2/22/2020,Amhara,Basona Woerna,05,,Male,53,gudoberet,werage,,1,Grade A,Other,freinds,Agree
3/15/2020 15:25:27,,3/14/2020,Amhara,Basona Woerna,05,,Male,46,gudoberet,werege,,1,Grade B,Other,by DA,Agree
3/15/2020 15:27:31,,3/14/2020,Amhara,Basona Woerna,05,,Male,40,gudoberet,werege,,1,Grade A,Other,advertisement ,Agree
3/15/2020 15:29:47,,3/14/2020,Amhara,Basona Woerna,05,,Male,30,gudoberet,gudoberet,,0.5,Disqualified,Other,friends,Agree
3/4/2020 20:23:17,,2/21/2020,Amhara,Gozamen,04,,Male,43,Libanos,Yibabat,,7.5,Grade A,Community Video,,Agree
3/4/2020 20:28:35,,2/21/2020,Amhara,Gozamen,04,,Male,37,libanos,yebabat,,2.5,Grade A,Community Video,,No difference
3/4/2020 20:31:02,,2/21/2020,Amhara,Gozamen,03,,Male,53,libanos,yebabat,,2,Grade A,Community Video,,No difference
3/4/2020 20:35:16,,2/22/2020,Amhara,Gozamen,03,,Male,37,libanos,kerecha,,1,Grade A,Community Video,,No difference
3/4/2020 20:37:41,,2/22/2020,Amhara,Gozamen,03,,Male,48,libanos,yibabat,,3.5,Grade A,Community Video,,No difference
3/4/2020 20:40:05,,2/22/2020,Amhara,Gozamen,03,,Male,48,libanos,yibabat,,3.5,Grade A,Community Video,,Agree
3/4/2020 20:41:51,,2/22/2020,Amhara,Gozamen,03,,Female,53,libanos,yebabat,,3,Grade A,Community Video,,No difference
3/4/2020 20:49:23,,2/22/2020,Amhara,Gozamen,03,,Female,38,libanos,girar,,1,Grade A,Community Video,,No difference
3/4/2020 20:53:16,,2/22/2020,Amhara,Gozamen,03,,Female,39,libanos,girari,,1,Grade A,FTC,,No difference
3/10/2020 14:59:31,,3/4/2020,Amhara,Gozamen,03,,Male,46,Libanis,Libanos,,2.5,Grade B,Community Video,,Agree
3/10/2020 15:02:50,,3/4/2020,Amhara,Gozamen,03,,Male,53,Libanos,Yebabat,,2.5,Grade C,Other,"leaflate,banner,from friend ",Agree
3/10/2020 15:05:01,,3/3/2020,Amhara,Gozamen,03,,Male,88,Libanos,Yedeniba,,4.5,Grade C,Other,"leaflate,banner,from friend ",Agree
3/10/2020 15:07:05,,3/4/2020,Amhara,Gozamen,03,,Male,53,Libanos,Yebabat,,3,Grade B,Other,"leaflate,banner,from friend ",Agree
3/16/2020 8:26:13,,3/14/2020,Amhara,Gozamen,03,,Male,45,libanos ,Boal,,2,Grade B,Other,"friends ,banner,leaflate ",Agree
3/16/2020 8:31:38,,3/14/2020,Amhara,Gozamen,03,,Male,38,Libanos ,Yebabat,,5.5,Grade C,Other,"friends ,banner,leaflate ",Agree
3/16/2020 8:37:51,,3/14/2020,Amhara,Gozamen,03,,Female,41,Libanos,Libanos,,3,Disqualified,Other,"friends ,banner,leaflate ",Agree
3/16/2020 8:39:32,,3/14/2020,Amhara,Gozamen,03,,Male,32,Libanos,Boal,,2.5,Grade B,Other,"friends ,banner,leaflate ",Agree
3/16/2020 8:41:21,,3/14/2020,Amhara,Gozamen,03,,Male,28,Libanos ,Boal,,1.5,Grade C,Other,"friends ,banner,leaflate ",Agree
3/14/2020 18:13:54,,3/11/2020,Tigray,Ofla,59,,Male,51,Hashenge ,Adibomusa ,,0.5,Grade A,Community Video,,Strongly agree
3/14/2020 18:17:11,,3/11/2020,Tigray,Ofla,59,,Male,41,Hashenge ,Adibomusa ,,0.5,Grade B,Community Video,,Agree
3/14/2020 18:19:29,,3/11/2020,Tigray,Ofla,59,,Male,38,Hashenge ,Adibomusa ,,0.5,Grade A,Other,From certifiers ,Strongly agree
3/14/2020 18:22:03,,2/11/2020,Tigray,Ofla,59,,Male,31,Hashenge ,Adibomusa ,,0.5,Grade A,Other,From Kebele Cooperative ,Strongly agree
3/14/2020 18:24:20,,3/11/2020,Tigray,Ofla,59,,Male,35,Hashenge ,Adibomusa ,,0.5,Grade A,Other,From Kebele Cooperative ,Strongly agree
3/14/2020 18:26:55,,3/11/2020,Tigray,Ofla,59,,Male,30,Hashenge ,Adibomusa ,,0.5,Grade A,Other,From Kebele Cooperative ,Strongly agree
3/14/2020 17:26:18,,3/9/2020,Tigray,Enda Mehoni,58,,Female,30,Meswaeti,Maekel,,0.5,Grade A,FTC,From DA,Agree
3/14/2020 17:30:17,,3/9/2020,Tigray,Enda Mehoni,58,,Female,28,Meswaeti,Edaga ,,0.5,Grade A,FTC,from DA ,Strongly agree
3/14/2020 17:33:08,,3/9/2020,Tigray,Enda Mehoni,58,,Female,40,Meswaeti,Edaga,,0.5,Grade A,Other,From Kebele and cooperative ,Strongly agree
3/14/2020 17:37:25,,3/9/2020,Tigray,Enda Mehoni,58,,Male,39,Meswaeti,Edaga,,0.5,Grade A,Other,From Certifiers  ,Strongly agree
3/14/2020 17:40:43,,3/9/2020,Tigray,Enda Mehoni,58,,Female,25,Tahtay Haya ,Kale,,0.5,Grade A,Other,from kebele ,Agree
3/14/2020 17:43:33,,3/9/2020,Tigray,Enda Mehoni,58,,Male,38,Meswaeti,Piyasa ,,0.5,Grade A,Other,From Certifiers ,Strongly agree
3/14/2020 17:46:24,,3/9/2020,Tigray,Enda Mehoni,58,,Male,45,Meswaeti,Piyasa,,0.5,Grade A,Other,From Certifiers ,Strongly agree
3/14/2020 17:50:12,,3/9/2020,Tigray,Enda Mehoni,58,,Female,38,Meswaeti,Edaga ,,0.5,Grade A,Other,From kebele,Strongly agree
3/14/2020 17:52:32,,3/9/2020,Tigray,Enda Mehoni,58,,Female,42,Meswaeti,Edaga ,,0.5,Grade B,FTC,From DA,Agree
3/14/2020 17:54:51,,3/9/2020,Tigray,Enda Mehoni,58,,Male,45,Meswaeti,Maekel,,0.5,Grade B,FTC,From DA,Agree
3/14/2020 18:03:45,,2/24/2020,Tigray,Enda Mehoni,58,,Male,40,Meswaeti,Maekel,,0.5,Grade A,Community Video,,Strongly agree
3/23/2020 13:07:19,,3/16/2020,Tigray,Enda Mehoni,58,,Male,55,Meswaeti,Edaga ,,0.5,Grade A,Other,DA,Strongly agree
3/23/2020 8:54:37,,3/14/2020,Tigray,Enda Mehoni,57,,Female,35,Meswaeti,Edaga,,0.5,Grade A,FTC,,Strongly agree
3/23/2020 9:00:10,,3/14/2020,Tigray,Enda Mehoni,57,,Male,45,Meswaeti,Edaga,,0.5,Grade A,Other,from cooperatives,Strongly agree
3/23/2020 9:15:22,,3/14/2020,Tigray,Enda Mehoni,57,,Male,50,Meswaeti,Edaga,,0.5,Grade A,Other,from Leaders ,Agree
3/23/2020 13:02:59,,3/14/2020,Tigray,Enda Mehoni,57,,Female,35,Simret,Laelay Haya,,0.5,Grade C,Other,From DA ,Strongly agree
3/5/2020 6:07:15,,2/19/2020,SNNP,Lemo,46,,Male,45,Mabira ,Gabo,,1,Grade C,Other,His neighbor ,Strongly agree
3/5/2020 6:12:53,,2/19/2020,SNNP,Lemo,46,,Male,48,Masbira ,Gabo,,2,Grade B,Community Video,from community video ,Agree
3/5/2020 6:17:24,,2/19/2020,SNNP,Lemo,46,,Male,54,Kidigesa ,one,,1,Grade C,Other,he is coming to the shop without any guidance simply by watching of the banner ,Strongly agree
3/5/2020 6:21:18,,2/19/2020,SNNP,Lemo,46,,Male,50,Masbira ,Gabo ,,1,Grade A,Other,by looking of the posted banner under the shops which is written in Hadiyyisa language ,Strongly agree
3/5/2020 6:25:50,,2/19/2020,SNNP,Lemo,46,,Male,43,Kidigesa ,two,,1,Grade A,Other,from his neighbor farmers who tried the certification service and get the write kg ,Agree
3/9/2020 8:47:22,,3/4/2020,SNNP,Lemo,46,,Male,57,Lambuda,Gerada,,1.5,Grade C,Community Video,From kebele level dg video on wc ,Strongly agree
3/9/2020 8:50:59,,3/4/2020,SNNP,Lemo,46,,Male,55,Lambuda,Gerada,,2,Grade C,Community Video,From wc dg videos which is dissmenated at kebele level,Strongly agree
3/19/2020 2:34:42,,3/18/2020,SNNP,Lemo,46,,Male,48,Lambuda,Lambuda,,20,Grade C,Community Video,From dg video disseminations ,Strongly agree
3/19/2020 2:40:14,,3/18/2020,SNNP,Lemo,46,,Male,43,Masbira,Gabo,,15,Grade B,Other,Market level promotion ,Agree
3/19/2020 2:44:33,,3/18/2020,SNNP,Lemo,46,,Male,52,Masbira,Gabo,,5,Grade B,Community Video,,Strongly agree
3/19/2020 2:49:18,,3/18/2020,SNNP,Lemo,46,,Male,38,Lambuda,Lambuda,,14,Grade A,Community Video,,Strongly agree
3/23/2020 8:09:27,,3/18/2020,SNNP,Lemo,46,,Male,52,Lambuda,Kelada,,10,Grade C,Other,From maket advertizement ,Strongly agree
3/5/2020 5:59:05,,2/15/2020,SNNP,Lemo,45,,Male,44,Ashe Kubega,Ashe,,1,Grade A,Other,he was heard the certification service importance from his neighbor who attained the certification video production process at Masbira kebele.,Strongly agree
3/5/2020 6:02:32,,2/15/2020,SNNP,Lemo,45,,Male,50,Jawe,Jawe,,1,Grade C,Community Video,there is no other information ,Strongly agree
3/9/2020 8:57:27,,3/7/2020,SNNP,Lemo,45,,Male,50,Lambuda,Gerada,,6,Grade B,Community Video,,Strongly agree
3/9/2020 9:10:16,,3/7/2020,SNNP,Lemo,45,,Male,48,Lambuda,Lambuda,,3,Grade C,Other,From market level adertizement,Strongly agree
3/9/2020 9:14:29,,3/7/2020,SNNP,Lemo,45,,Male,49,Masbira,Gabo,,5,Grade C,Community Video,,Strongly agree
3/23/2020 8:11:40,,3/21/2020,SNNP,Lemo,45,,Male,45,Ambicho Gode,Ambicho,,3,Grade C,Other,Maket adevertizement ,Strongly agree
3/23/2020 8:13:04,,3/21/2020,SNNP,Lemo,45,,Male,54,Kalisha,Kalisha,,5,Grade B,Other,Market level promotion ,Strongly agree
3/23/2020 8:15:10,,3/21/2020,SNNP,Lemo,45,,Male,55,Kalisha,Kalisha,,2,Grade B,Other,Market level advertizement ,Strongly agree
3/12/2020 7:43:47,,2/29/2020,Oromia,Dendi,44,,Male,25,Galesa,Mulo,,0.5,Grade B,FTC,From Agriculture Expert,Agree
3/12/2020 7:47:04,,2/29/2020,Oromia,Dendi,44,,Male,60,keba Kereda,Abiye,,0.5,Grade B,Other,From Farmers ,Agree
3/12/2020 7:50:18,,2/29/2020,Oromia,Dendi,44,,Female,56,Keba Bereda ,Abiye ,,0.5,Grade C,Other,From enterprenor,Agree
3/3/2020 13:11:26,,2/13/2020,Oromia,Dendi,43,,Male,52,Faji Gelila,Gelila,,0.5,Grade A,Other,From entrepreneur   ,Agree
3/6/2020 8:23:58,,2/13/2020,Oromia,Dendi,43,,Male,55,Faji Gelila,Gelila,,0.5,Grade A,Other,From Farmer,Agree
3/6/2020 8:27:56,,2/13/2020,Oromia,Dendi,43,,Male,38,Fincale jabdu,Gebdu,,0.5,Grade A,Other,From Agriculture office expert ,Agree
3/6/2020 8:30:49,,2/13/2020,Oromia,Dendi,43,,Male,28,Awash Boloto,1,,0.5,Grade A,Other,From Agriculture expert,Agree
3/6/2020 8:37:33,,2/13/2020,Oromia,Dendi,43,,Male,35,Yubdo lege batu,Awura Golo,,0.5,Grade C,Other,From Agriculture expert,Agree
3/6/2020 8:40:38,,2/13/2020,Oromia,Dendi,43,,Male,45,Dana Barodo, Barodo,,0.5,Grade B,Other,From farmers,Agree
3/6/2020 9:00:44,,2/17/2020,Oromia,Dendi,43,,Male,25,Awash boloto ,1,,0.5,Grade C,Other,From Agriculture Expert  ,Agree
3/12/2020 7:17:40,,2/17/2020,Oromia,Dendi,43,,Male,32,Ejersa Gibe ,Deno,,0.5,Grade B,Other,From Entrepreneur ,Agree
3/12/2020 7:20:35,,2/17/2020,Oromia,Dendi,43,,Male,32,Werka Worebo,Werebo,,0.5,Grade A,Other,From Agriculture expert,Agree
3/12/2020 7:25:09,,2/20/2020,Oromia,Dendi,43,,Male,50,Wamura seko,Cita mexi,,0.5,Grade C,Other,From countertenor,Agree
3/12/2020 7:28:19,,2/24/2020,Oromia,Dendi,43,,Male,56,Wamura Seko,Becho Ababa ,,0.5,Grade C,Other,From enterprenor,Agree
3/12/2020 7:35:13,,2/27/2020,Oromia,Dendi,43,,Male,34,Awash Boloxo,1,,0.5,Grade B,Other,From enterprenor ,Agree
3/12/2020 7:37:46,,2/27/2020,Oromia,Dendi,43,,Male,35,Yubdo lege batu,Awura Golo,,0.5,Grade B,Other,From Agriculture Expert ,Agree
3/12/2020 7:41:31,,2/27/2020,Oromia,Dendi,43,,Male,40,Dimtu Burka ,Dimtu Buka ,,0.5,Grade B,Other,From Farmers ,Agree
3/12/2020 8:14:18,,3/5/2020,Oromia,Dendi,43,,Male,40,Wamu Seko,Dhaga Shali,,0.5,Grade C,Other,From enterprenor,Agree
3/12/2020 8:16:14,,3/5/2020,Oromia,Dendi,43,,Male,40,Wamura Seko,1,,0.5,Grade C,Other,From Farmers ,Agree
3/7/2020 3:55:00,,2/24/2020,Oromia,Gedeb Hasasa,38,,Male,26,Kubsa,04,,1,Grade A,Other,From market shop ,Agree
3/7/2020 3:57:16,,2/24/2020,Oromia,Gedeb Hasasa,38,,Male,35,Kubsa,04,,2,Grade A,Other,From market shop,Agree
3/7/2020 4:00:24,,2/27/2020,Oromia,Gedeb Hasasa,38,,Male,34,Kubsa,03,,1,Grade B,Community Video,No,Agree
3/7/2020 4:03:01,,2/27/2020,Oromia,Gedeb Hasasa,38,,Male,32,Dabara,02,,3,Grade A,Other,Fro market shop,Agree
3/7/2020 4:05:49,,2/27/2020,Oromia,Gedeb Hasasa,38,,Male,36,Kubsa,Dabara,,2,Grade A,Other,From market shop,Agree
3/10/2020 7:20:12,,3/3/2020,Oromia,Gedeb Hasasa,38,,Male,32,Kubsa,01,,2,Grade B,Community Video,No,Agree
3/10/2020 7:22:27,,3/3/2020,Oromia,Gedeb Hasasa,38,,Male,28,Kubsa,02,,2,Grade C,Community Video,No,Agree
3/13/2020 11:32:16,,2/24/2020,Oromia,Gedeb Hasasa,38,,Male,35,Dabara,01,,1,Grade B,FTC,No,Agree
3/13/2020 11:34:12,,2/24/2020,Oromia,Gedeb Hasasa,38,,Female,31,Kubsa,01,,2,Grade B,FTC,No,Agree
3/13/2020 11:36:40,,2/24/2020,Oromia,Gedeb Hasasa,38,,Male,27,Kubsa,02,,1,Grade C,Community Video,No,Agree
3/13/2020 11:39:31,,2/24/2020,Oromia,Gedeb Hasasa,38,,Male,34,Kubsa,03,,3,Grade C,Community Video,No,Agree
3/13/2020 11:42:23,,2/24/2020,Oromia,Gedeb Hasasa,38,,Male,39,Kubsa,02,,2,Grade A,Community Video,No,Agree
3/13/2020 11:45:03,,2/24/2020,Oromia,Gedeb Hasasa,38,,Male,43,Dabara,02,,2,Grade A,Community Video,No,Agree
3/18/2020 8:14:12,,3/9/2020,Oromia,Gedeb Hasasa,38,,Male,34,01,Bucho,,1,Grade A,Community Video,No,Agree
3/18/2020 8:20:50,,3/9/2020,Oromia,Gedeb Hasasa,38,,Male,36,02,Bucho,,2,Grade A,FTC,No,Agree
3/18/2020 8:26:20,,3/9/2020,Oromia,Gedeb Hasasa,38,,Male,28,01,Kubsa,,2,Grade A,Community Video,No,Agree
3/18/2020 8:28:54,,3/9/2020,Oromia,Gedeb Hasasa,38,,Male,49,02,Dabara,,2,Grade A,Community Video,No,Agree
3/18/2020 8:32:30,,3/9/2020,Oromia,Gedeb Hasasa,38,,Male,37,01,Kubsa,,1,Grade A,FTC,No,Agree
3/18/2020 8:39:17,,3/9/2020,Oromia,Gedeb Hasasa,38,,Male,40,02,Dabara,,2,Grade A,Community Video,No,Agree
3/7/2020 3:13:46,,2/18/2020,Oromia,Gedeb Hasasa,37,,Male,38,01,Wokentera,,1,Grade A,Other,From  market shop,Agree
3/7/2020 3:17:13,,2/18/2020,Oromia,Gedeb Hasasa,37,,Male,41,02,Wokentera,,3,Grade A,Other,From market shop,Agree
3/7/2020 3:23:15,,2/18/2020,Oromia,Gedeb Hasasa,37,,Male,35,02,Bucho,,2,Grade B,Other,From market shop,Agree
3/7/2020 3:26:00,,2/18/2020,Oromia,Gedeb Hasasa,37,,Female,32,01,Bucho,,2,Grade A,Community Video,No,Agree
3/7/2020 3:28:54,,2/25/2020,Oromia,Gedeb Hasasa,37,,Male,41,02,Wokentara,,3,Grade A,Other,From market shop,Agree
3/7/2020 3:46:16,,2/25/2020,Oromia,Gedeb Hasasa,37,,Male,35,01,Bucho,,2,Grade A,Community Video,No,Agree
3/7/2020 3:48:23,,2/25/2020,Oromia,Gedeb Hasasa,37,,Male,35,2,Bucho,,2,Grade A,Other,From market shop,Agree
3/7/2020 3:51:03,,2/25/2020,Oromia,Gedeb Hasasa,37,,Male,30,02,Bucho,,3,Grade A,Other,From market shop,Agree
3/10/2020 7:00:06,,3/3/2020,Oromia,Gedeb Hasasa,37,,Male,29,02,Wokentera,,2,Grade A,Community Video,No,Agree
3/10/2020 7:02:17,,3/3/2020,Oromia,Gedeb Hasasa,37,,Male,40,01,Bucho,,1,Grade A,Community Video,No,Agree
3/10/2020 7:04:10,,3/7/2020,Oromia,Gedeb Hasasa,37,,Male,41,02,Wokentera,,2,Grade A,Community Video,No,Agree
3/10/2020 7:10:54,,3/7/2020,Oromia,Gedeb Hasasa,37,,Male,36,01,Wokentera,,1,Grade B,Community Video,No,Agree
3/10/2020 7:13:09,,3/7/2020,Oromia,Gedeb Hasasa,37,,Male,39,01,bUcho,,1,Grade B,Community Video,No,Agree
3/10/2020 7:14:44,,3/7/2020,Oromia,Gedeb Hasasa,37,,Male,30,02,Bucho,,1,Grade B,Community Video,No,Agree
3/10/2020 7:16:50,,3/7/2020,Oromia,Gedeb Hasasa,37,,Male,27,01,Bucho,,1,Grade B,Community Video,No,Agree
3/18/2020 7:47:21,,3/10/2020,Oromia,Gedeb Hasasa,37,,Male,30,01,Bucho,,2,Grade C,Community Video,No,Agree
3/18/2020 7:49:35,,3/10/2020,Oromia,Gedeb Hasasa,37,,Male,46,01,Bucho,,1,Grade B,Community Video,No,Agree
3/18/2020 7:54:25,,3/10/2020,Oromia,Gedeb Hasasa,37,,Male,42,02,Bucho,,2,Grade C,FTC,No,Agree
3/18/2020 7:57:57,,3/14/2020,Oromia,Gedeb Hasasa,37,,Male,32,01,Bucho,,2,Grade B,FTC,No,Agree
3/18/2020 8:00:38,,3/14/2020,Oromia,Gedeb Hasasa,37,,Male,33,02,Wekentera,,2,Grade C,Other,From shop center ,Agree
3/18/2020 8:02:54,,3/14/2020,Oromia,Gedeb Hasasa,37,,Female,30,01,Bucho,,1,Grade C,FTC,From shop center,Agree
3/9/2020 19:01:04,,2/26/2020,Oromia,Arsi Negele,34,,Male,45,Adaba Tita,Qalo ukuma,,4,Grade A,Community Video,,Strongly agree
3/9/2020 22:08:28,,2/26/2020,Oromia,Arsi Negele,34,,Male,39,Sayo,maja,,2,Grade B,Other,certifiers,Agree
3/9/2020 22:10:34,,2/26/2020,Oromia,Arsi Negele,34,,Male,36,Danshe,matta,,4,Grade C,Community Video,,Agree
3/9/2020 22:22:01,,2/26/2020,Oromia,Arsi Negele,34,,Male,29,sayo,l/gora,,4,Grade C,Community Video,,Agree
3/9/2020 22:22:01,,2/29/2020,Oromia,Arsi Negele,34,,Male,37,Danshe,Awade,,7,Grade C,Community Video,,Agree
3/9/2020 22:22:01,,2/29/2020,Oromia,Arsi Negele,34,,Male,41,Danshe,hafurso,,2,Grade B,Community Video,,Agree
3/9/2020 22:22:50,,2/29/2020,Oromia,Arsi Negele,34,,Male,49,B/Reji,soddo 1ffaa,,6,Grade C,Community Video,,Agree
3/9/2020 22:30:47,,3/7/2020,Oromia,Arsi Negele,34,,Male,52,B/Reji,soddo 1ffaa,,1,Grade B,Community Video,,Agree
3/9/2020 22:30:47,,2/29/2020,Oromia,Arsi Negele,34,,Male,33,B/Reji,soddo 1ffaa,,6,Grade C,Community Video,,Agree
3/9/2020 22:30:49,,3/7/2020,Oromia,Arsi Negele,34,,Female,48,Danshe,Awade,,1,Grade C,Community Video,,Agree
3/9/2020 22:30:52,,3/7/2020,Oromia,Arsi Negele,34,,Male,50,Gonde,Hamilo,,2,Grade A,Other,certifiers,Agree
3/9/2020 16:39:23,,2/19/2020,Oromia,Arsi Negele,33,,Male,45,Adaba Tita,Arada Chita,,5,Grade A,Other,Certifiers ,Strongly agree
3/9/2020 16:50:13,,2/19/2020,Oromia,Arsi Negele,33,,Male,51,Adaba Tita,Qalo ukuma,,5,Grade A,Other,Certifiers,Strongly agree
3/9/2020 16:50:21,,2/21/2020,Oromia,Arsi Negele,33,,Male,30,Adaba Tital,Malka Dimtu,,4,Grade B,Other,certifiers,Strongly agree
3/9/2020 16:50:21,,2/21/2020,Oromia,Arsi Negele,33,,Male,32,Adaba Tita,Malka Dimtu,,6,Grade A,Other,Certifiers,Strongly agree
3/9/2020 17:09:48,,2/29/2020,Oromia,Arsi Negele,33,,Male,40,Danshe,Hawula,,3,Grade C,Community Video,,Agree
3/9/2020 17:09:48,,2/28/2020,Oromia,Arsi Negele,33,,Male,40,Watera,K/Mako,,6,Grade A,Community Video,,Agree
3/9/2020 17:09:50,,2/26/2020,Oromia,Arsi Negele,33,,Male,47,Gonde Gurate,Hamisa,,4,Grade C,Community Video,,Strongly agree
3/9/2020 17:09:53,,2/24/2020,Oromia,Arsi Negele,33,,Male,26,Adaba Tita,Qalo Ukuma,,7,Grade A,Community Video,,Strongly agree
3/9/2020 22:38:15,,2/29/2020,Oromia,Arsi Negele,33,,Male,41,B/Reji,Datoo 1ffaa,,1,Grade B,Community Video,,Agree
3/22/2020 16:36:01,,3/6/2020,Oromia,Arsi Negele,33,,Male,47,Danshe,Hafurso,,2,Grade C,Community Video,,Strongly agree
3/22/2020 16:36:05,,3/6/2020,Oromia,Arsi Negele,33,,Male,52,Danshe,Hafurso,,4,Grade B,Community Video,,Agree
3/22/2020 16:36:08,,3/6/2020,Oromia,Arsi Negele,33,,Male,32,B/Reji,Dalo 1st,,1,Grade B,Community Video,,Agree
3/22/2020 16:36:10,,3/6/2020,Oromia,Arsi Negele,33,,Female,28,A/Tita,Halatu,,3,Grade C,Community Video,,Agree
3/22/2020 16:36:14,,3/6/2020,Oromia,Arsi Negele,33,,Female,34,A/Tita,Awade,,2,Grade C,Community Video,,Agree
3/22/2020 17:35:41,,3/11/2020,Oromia,Arsi Negele,33,,Male,40,Shopa,shopa laldha,,1,Grade B,Other,certifiers,Disagree
3/22/2020 17:35:46,,3/9/2020,Oromia,Arsi Negele,33,,Female,42,Gambelto,Hamba,,1,Grade A,Other,certifiers,Strongly agree
3/22/2020 17:35:50,,3/9/2020,Oromia,Arsi Negele,33,,Male,36,Gambelto,Awadef Danaba,,1,Grade B,Other,Certifiers,Strongly agree
3/22/2020 17:35:53,,3/9/2020,Oromia,Arsi Negele,33,,Female,50,watera,mako,,1,Grade B,Community Video,,
3/22/2020 17:35:56,,3/6/2020,Oromia,Arsi Negele,33,,Male,22,B/Reji,Sodo 1st,,1,Grade C,Community Video,,Agree
3/4/2020 17:22:24,,2/17/2020,Oromia,Goba,28,,Male,40,Waltahi ,Sinjo,,1,Grade C,Other,From service center,Agree
3/22/2020 17:53:59,,3/15/2020,Oromia,Goba,28,,Male,45,Wacho mishirge,Wajitu,,3,Grade C,Other,From shop owner,Agree
3/22/2020 17:57:08,,3/15/2020,Oromia,Goba,28,,Male,42,Wacho Mishirge,Wajitu,,5,Disqualified,Other,From shop owner ,Agree
3/22/2020 17:59:58,,3/15/2020,Oromia,Goba,28,,Male,35,Wacho Mishirge,Wajitu,,1,Disqualified,Other,From shop owner,Agree
3/22/2020 18:02:10,,3/15/2020,Oromia,Goba,28,,Male,29,Wacho Mishirge,Wajitu,,1,Grade C,Community Video,No,Agree
3/22/2020 18:04:58,,3/15/2020,Oromia,Goba,28,,Male,70,Wacho mishirge,Wajitu,,1,Grade C,Other,From shop owner,Agree
3/4/2020 17:25:45,,2/26/2020,Oromia,Goba,27,,Male,30,Aloshe,Aloshe,,2,Grade B,Other,From service center,Agree
3/4/2020 17:33:14,,2/26/2020,Oromia,Goba,27,,Male,35,Waltahi,Sinja,,2,Grade C,Other,From service center,Agree
3/4/2020 17:35:54,,2/26/2020,Oromia,Goba,27,,Male,28,Wacho,Wacho,,1,Grade C,Other,From service center,No difference
3/4/2020 17:38:30,,3/4/2020,Oromia,Goba,27,,Male,49,Goba 04,Goba,,0.5,Grade C,Other,From service center,Agree
3/4/2020 17:40:42,,3/4/2020,Oromia,Goba,27,,Male,50,Misira,Misira,,1,Disqualified,Other,From service center,No difference
3/3/2020 17:12:46,,2/15/2020,Oromia,Gasera,24,,Male,57,Balo Amigna,Balo,,2,Grade A,Community Video,no,Agree
3/3/2020 17:15:40,,2/15/2020,Oromia,Gasera,24,,Male,60,Balo Amigna,Balo,,3,Grade A,FTC,no,Agree
3/3/2020 17:18:01,,2/22/2020,Oromia,Gasera,24,,Female,62,Balo Amigna,Balo,,2,Grade A,FTC,no,Agree
3/3/2020 17:22:38,,2/22/2020,Oromia,Gasera,24,,Female,47,Balo Amigna,Balo,,2,Grade A,Community Video,no,Agree
3/6/2020 12:25:15,,3/4/2020,Oromia,Gasera,24,,Male,45,Balo,Balo,,10,Grade A,Other,From advisory center ,Agree
3/6/2020 12:28:03,,3/4/2020,Oromia,Gasera,24,,Male,34,Balo,Balo,,2,Grade A,Other,From Advisory service ,Agree
3/8/2020 23:02:42,,3/6/2020,Oromia,Gasera,24,,Male,23,Balo Guranda,Balo,,5,Grade A,FTC,no,Agree
3/8/2020 23:05:40,,3/6/2020,Oromia,Gasera,24,,Male,35,Balo Guranda,Balo,,2,Grade A,Community Video,no,Agree
3/8/2020 23:08:13,,3/6/2020,Oromia,Gasera,24,,Male,40,Balo Amigna,Balo,,1,Grade A,Community Video,No,Agree
3/8/2020 23:10:00,,3/6/2020,Oromia,Gasera,24,,Male,59,Balo Amigna,Balo,,2,Grade A,Community Video,No,Agree
3/8/2020 23:11:31,,3/6/2020,Oromia,Gasera,24,,Male,45,Balo Amigna,Balo,,1,Grade A,Community Video,No,Agree
3/15/2020 22:25:11,,3/7/2020,Oromia,Gasera,24,,Male,45,Balo Amigna,Balo,,1,Grade A,FTC,No,Agree
3/15/2020 22:27:32,,3/7/2020,Oromia,Gasera,24,,Male,40,Balo Amigna,Balo,,1,Grade A,FTC,No,Agree
3/7/2020 7:53:52,,2/22/2020,Oromia,Tiyo,20,,Male,40,Oda Dawata,Makro,,1,Grade B,FTC,No,Agree
3/7/2020 7:55:55,,2/22/2020,Oromia,Tiyo,20,,Male,51,Oda Dawata,Makro,,1,Grade B,Other,From shop market ,Agree
3/7/2020 7:57:57,,2/26/2020,Oromia,Tiyo,20,,Male,35,Oda Dawata,Makro,,1,Grade C,Other,From shop market,Agree
3/7/2020 8:00:02,,2/26/2020,Oromia,Tiyo,20,,Male,45,Oda Dawata,Makro,,0.5,Grade C,FTC,No,Agree
3/7/2020 8:02:18,,2/29/2020,Oromia,Tiyo,20,,Male,50,Oda Dawata,Makro,,0.5,Grade B,Other,From shop market,Agree
3/7/2020 8:04:47,,2/29/2020,Oromia,Tiyo,20,,Female,55,Oda Dawata,Makro,,0.5,Grade B,Other,From shop market,Agree
3/7/2020 8:07:30,,2/29/2020,Oromia,Tiyo,20,,Male,55,Oda Dawat,Makro,,0.5,Grade B,Community Video,No,Agree
3/16/2020 10:34:29,,3/15/2020,Oromia,Tiyo,20,,Male,40,Oda Dawata,Makro,,0.5,Grade A,Other,From shop center,Agree
3/16/2020 10:39:25,,3/15/2020,Oromia,Tiyo,20,,Male,37,Oda Dawata,Makro,,1,Grade B,Other,From shop center,Agree
3/16/2020 10:41:10,,3/15/2020,Oromia,Tiyo,20,,Male,30,Oda Dawata,Makro,,1,Grade B,Other,From shop center,Agree
3/7/2020 2:59:36,,2/24/2020,Oromia,Tiyo,19,,Male,50,Gora Silingo,Gora,,0.5,Grade B,Community Video,No,Agree
3/7/2020 7:49:12,,2/26/2020,Oromia,Tiyo,19,,Male,44,Gora silingo,Gora,,1,Grade C,Community Video,No,Agree
3/7/2020 7:51:05,,2/29/2020,Oromia,Tiyo,19,,Female,27,Gora Silingo,Gora,,1,Grade B,Community Video,No,Agree
3/7/2020 4:48:38,,2/13/2020,Oromia,Digeluna Tijo,16,,Male,55,Sagure Mole,Mole,,0.5,Grade A,Other,From shop market,Agree
3/7/2020 4:51:01,,2/13/2020,Oromia,Digeluna Tijo,16,,Male,29,Cafa,Cafa,,1,Grade B,Other,From shop market,Agree
3/7/2020 4:54:18,,2/13/2020,Oromia,Digeluna Tijo,16,,Male,32,Gusha Temela,Temela,,0.5,Grade C,Community Video,No,Agree
3/7/2020 4:57:05,,2/20/2020,Oromia,Digeluna Tijo,16,,Male,30,Sagure Mole,Mole,,0.5,Grade A,Community Video,No,Agree
3/7/2020 4:59:25,,2/20/2020,Oromia,Digeluna Tijo,16,,Male,46,Gusha Temela,Temela,,0.5,Grade C,Community Video,From shop market ,Agree
3/7/2020 5:02:59,,2/20/2020,Oromia,Digeluna Tijo,16,,Male,32,Sagure 03,Sagure,,0.5,Grade C,Community Video,No,Agree
3/7/2020 5:05:28,,2/20/2020,Oromia,Digeluna Tijo,16,,Male,30,Q/Murgicha,Murgicha,,0.5,Grade B,Community Video,No,Agree
3/7/2020 5:08:00,,2/27/2020,Oromia,Digeluna Tijo,16,,Male,60,Sagure 01,Sagure,,0.5,Grade C,Other,From shop market,Agree
3/7/2020 5:10:34,,2/27/2020,Oromia,Digeluna Tijo,16,,Male,50,Sagure 01,Sagure,,0.5,Grade C,Other,From shop market,Agree
3/7/2020 5:12:58,,2/20/2020,Oromia,Digeluna Tijo,16,,Male,35,Sagure Mole,Mole,,0.5,Disqualified,Other,From shop market,Agree
3/16/2020 10:20:48,,2/28/2020,Oromia,Digeluna Tijo,16,,Female,35,Sagure,Mole,,0.5,Grade A,Community Video,No,Agree
3/16/2020 10:25:30,,3/5/2020,Oromia,Digeluna Tijo,16,,Male,38,Sagure,Mole,,1,Grade A,Community Video,No,Agree
3/16/2020 10:27:58,,3/5/2020,Oromia,Digeluna Tijo,16,,Male,45,Sagure,Mole,,0.5,Grade A,Community Video,No,Agree
3/16/2020 10:50:10,,3/12/2020,Oromia,Digeluna Tijo,16,,Male,41,Sagure,Mole,,1,Grade A,Other,From shop center,Agree
3/16/2020 10:53:12,,3/12/2020,Oromia,Digeluna Tijo,16,,Female,35,Ashebeka,Ashebeka laga,,0.5,Grade B,Community Video,No,Agree
3/16/2020 10:55:52,,3/12/2020,Oromia,Digeluna Tijo,16,,Female,45,Ashebeka,Ashebeka laga,,0.5,Grade B,FTC,No,Agree
3/16/2020 10:57:35,,3/12/2020,Oromia,Digeluna Tijo,16,,Male,49,Ashebeka ,Ashebeka laga,,1,Grade B,Community Video,No,Agree
3/16/2020 10:59:48,,3/12/2020,Oromia,Digeluna Tijo,16,,Female,50,Sagure,Mole,,0.5,Grade B,FTC,No,Agree
3/16/2020 11:01:46,,3/12/2020,Oromia,Digeluna Tijo,16,,Male,50,Sagure ,Mole,,1,Grade A,Community Video,No,Agree
3/16/2020 11:04:26,,3/12/2020,Oromia,Digeluna Tijo,16,,Male,35,Sagure,Mole,,0.5,Grade A,FTC,No,Agree
3/16/2020 11:08:27,,3/12/2020,Oromia,Digeluna Tijo,16,,Male,41,Sagure,Mole,,1,Grade A,Community Video,No,Agree
3/7/2020 4:10:38,,2/15/2020,Oromia,Digeluna Tijo,15,,Male,35,Lole Hofi,Lole,,0.5,Grade B,Other,From market shop ,Agree
3/7/2020 4:13:09,,2/15/2020,Oromia,Digeluna Tijo,15,,Male,32,Lole Hofi,Lole,,0.5,Grade B,Other,From market shop,Agree
3/7/2020 4:16:24,,2/15/2020,Oromia,Digeluna Tijo,15,,Male,23,Lole Hofi ,Lole,,0.5,Grade B,FTC,No,Agree
3/7/2020 4:18:41,,2/15/2020,Oromia,Digeluna Tijo,15,,Female,40,Lole Hofi,Lole,,0.5,Grade B,Other,From market shop,Agree
3/7/2020 4:20:27,,2/22/2020,Oromia,Digeluna Tijo,15,,Male,32,Lole Hofi ,Lole,,0.5,Grade B,Community Video,No,Agree
3/7/2020 4:24:14,,2/22/2020,Oromia,Digeluna Tijo,15,,Male,29,Lole Hofi,Lole,,1,Grade C,Other,From market shop,Agree
3/7/2020 4:27:27,,2/22/2020,Oromia,Digeluna Tijo,15,,Male,32,Lole Hofi,Lole,,0.5,Grade C,Other,From shop market,Agree
3/7/2020 4:30:32,,2/29/2020,Oromia,Digeluna Tijo,15,,Female,45,Lole Hofi,Lole,,0.5,Grade B,Other,From shop market,Agree
3/7/2020 4:33:23,,2/29/2020,Oromia,Digeluna Tijo,15,,Male,23,Lole Hofi,Lole,,0.5,Grade B,Other,From shop market,Agree
3/7/2020 4:35:16,,2/29/2020,Oromia,Digeluna Tijo,15,,Male,22,Lole Hofi,Lole,,0.5,Grade B,Community Video,No,Agree
3/7/2020 4:38:13,,2/29/2020,Oromia,Digeluna Tijo,15,,Male,32,Lole Hofi,Lole,,0.5,Grade A,Other,From shop market,Agree
3/7/2020 4:40:33,,2/29/2020,Oromia,Digeluna Tijo,15,,Male,28,Lole Hofi,Lole,,0.5,Grade A,Other,From shop market,Agree
3/16/2020 9:32:23,,3/7/2020,Oromia,Digeluna Tijo,15,,Male,28,Lole ,Lole Hofi ,,1,Grade A,Other,From Shop market,Agree
3/16/2020 9:35:03,,3/7/2020,Oromia,Digeluna Tijo,15,,Male,25,Lole ,Lole Hofi,,0.5,Grade A,Other,From Shop market,Agree
3/16/2020 9:40:53,,3/7/2020,Oromia,Digeluna Tijo,15,,Male,46,Lole ,Lole Hofi,,0.5,Grade B,Other,From Shop center ,Agree
3/16/2020 9:42:52,,3/7/2020,Oromia,Digeluna Tijo,15,,Male,48,Lole,Lole Hofi,,0.5,Grade B,Other,From shop center ,Agree
3/16/2020 9:44:59,,3/7/2020,Oromia,Digeluna Tijo,15,,Male,40,Lole,Lole Hofi,,0.5,Grade A,Community Video,No,Agree
3/16/2020 9:46:53,,3/7/2020,Oromia,Digeluna Tijo,15,,Male,25,Lole,Lole Hofi,,0.5,Grade A,Community Video,No,Agree
3/16/2020 9:48:50,,3/7/2020,Oromia,Digeluna Tijo,15,,Male,50,Lole ,Lole Hofi,,1,Grade B,Community Video,No,Agree
3/16/2020 9:50:31,,3/7/2020,Oromia,Digeluna Tijo,15,,Male,18,Lole,Lole Hofi,,1,Grade A,Community Video,No,Agree
3/16/2020 9:53:59,,3/7/2020,Oromia,Digeluna Tijo,15,,Female,38,Lole ,Lole Hofi ,,0.5,Grade A,FTC,No,Agree
3/17/2020 4:41:22,,3/14/2020,Oromia,Digeluna Tijo,15,,Male,40,Lole,Lole Hofi,,0.5,Grade A,FTC,No,Agree
3/17/2020 4:43:15,,3/14/2020,Oromia,Digeluna Tijo,15,,Male,36,Lole,Lole Hofi,,0.5,Grade A,FTC,No,Agree
3/17/2020 4:45:27,,3/14/2020,Oromia,Digeluna Tijo,15,,Male,26,Lole ,Lole Hofi,,1,Grade A,Other,From shop center,Agree
3/17/2020 4:48:16,,3/14/2020,Oromia,Digeluna Tijo,15,,Male,36,Lole,Hofi,,1,Grade A,Community Video,No,Agree
3/17/2020 4:50:15,,3/14/2020,Oromia,Digeluna Tijo,15,,Male,26,Lole,Hofi,,1,Grade C,FTC,No,Agree
3/17/2020 4:52:14,,3/14/2020,Oromia,Digeluna Tijo,15,,Male,26,Lole,Hofi,,1,Grade C,Other,From center,Agree
3/17/2020 4:54:57,,3/14/2020,Oromia,Digeluna Tijo,15,,Male,50,Lole,Hofi,,0.5,Grade A,Other,From shop center,Agree
3/17/2020 4:57:04,,3/14/2020,Oromia,Digeluna Tijo,15,,Male,25,Lole,Hofi,,0.5,Grade A,Community Video,No,Agree
3/17/2020 4:59:10,,3/14/2020,Oromia,Digeluna Tijo,15,,Male,27,Lole,Hofi,,0.5,Grade A,Other,From shop center,Agree
3/17/2020 5:01:16,,3/14/2020,Oromia,Digeluna Tijo,15,,Female,45,Lole,Hofi,,0.5,Grade A,FTC,From shop center,Agree
3/17/2020 5:03:22,,3/14/2020,Oromia,Digeluna Tijo,15,,Male,29,Lole,Hofi,,0.5,Grade A,Community Video,From shop center,Agree
3/9/2020 10:57:51,,3/4/2020,Amhara,Denbecha,12,,Male,48,yezeleka,wejet,,2.5,Grade B,Other,"leaflate ,banner and from his friend ",Agree
3/9/2020 11:00:19,,3/4/2020,Amhara,Denbecha,12,,Male,37,yezeleka,wejet,,10,Grade A,Other,"leaf elate,banner and his friends",Agree
3/9/2020 11:10:33,,3/4/2020,Amhara,Denbecha,12,,Male,40,yezeleka,wejet,,2,Grade A,Other,"lefelate,banner notice,his friend ",Strongly agree
3/16/2020 8:46:07,,3/9/2020,Amhara,Denbecha,12,,Male,46,Yezeleka,Yezeleka,,10,Grade A,Other,"friends ,banner,leaflate ",Strongly agree
3/16/2020 8:48:52,,3/9/2020,Amhara,Denbecha,12,,Male,52,Yezeleka,Yezeleka,,5,Grade B,Other,"friends ,banner,leaflate ",Strongly agree
3/16/2020 8:51:58,,3/9/2020,Amhara,Denbecha,12,,Male,46,Yezeleka,Garici,,5,Grade B,Other,"friends ,banner,leaflate ",Strongly agree
3/16/2020 8:55:26,,3/13/2020,Amhara,Denbecha,12,,Male,54,Asteboch,Wejet,,10,Grade A,Other,"friends,banner,leaflate",Strongly agree
3/16/2020 9:01:36,,3/13/2020,Amhara,Denbecha,12,,Male,37,Astebochi,Wejet,,10,Grade A,Other,"friends,banner,leaflate",Strongly agree
3/16/2020 9:04:03,,3/13/2020,Amhara,Denbecha,12,,Male,40,Yezeleka,Garice,,10,Grade A,Other,"friends,banner,leaflate",Strongly agree
3/16/2020 9:06:07,,3/13/2020,Amhara,Denbecha,12,,Male,55,Astebochi,Wejet,,5,Disqualified,Other,"friends,banner,leaflate",Agree
3/16/2020 9:07:57,,3/13/2020,Amhara,Denbecha,12,,Male,30,Yezeleka,Furi,,5,Grade A,Other,"friends,banner,leaflate",Strongly agree
3/16/2020 9:19:57,,3/14/2020,Amhara,Denbecha,12,,Male,28,Wadi,Adisalem,,4,Disqualified,Other,"friends,banner,leaflate",Agree
3/16/2020 9:21:40,,3/14/2020,Amhara,Denbecha,12,,Male,40,Wadi,Adisalem,,10,Grade A,Other,"friends,banner,leaflate",Strongly agree
3/2/2020 20:43:33,,2/23/2020,Amhara,Denbecha,11,,Male,43,Wadi,Adis Alem,,10,Grade B,Other,"leaflate ,burusher",No difference
3/2/2020 20:45:53,,2/25/2020,Amhara,Denbecha,11,,Male,47,wadi,Adis Alem,,6,Grade A,Community Video,,No difference
3/2/2020 20:49:14,,2/25/2020,Amhara,Denbecha,11,,Male,50,wadi,Adis Alem,,14,Grade A,Other,"populisher,leaflate,banner",No difference
3/2/2020 20:56:13,,2/27/2020,Amhara,Denbecha,11,,Male,55,wadi,Chefikan,,3,Grade A,FTC,,No difference
3/2/2020 20:59:06,,2/27/2020,Amhara,Denbecha,11,,Male,47,wadi,Adis alem,,10,Grade A,Community Video,,No difference
3/4/2020 20:57:11,,2/22/2020,Amhara,Denbecha,11,,Female,41,wadi,tilemen,,1,Disqualified,Other,"leaf late ,bissuness  card and  banners ",No difference
3/9/2020 10:53:19,,3/2/2020,Amhara,Denbecha,11,,Male,42,wadi,adis alem,,10,Grade A,Other,"leaflate,banner etc ",No difference
3/16/2020 9:13:27,,3/12/2020,Amhara,Denbecha,11,,Male,40,Wadi,Danbarari,,10,Grade C,Other,"friends,banner,leaflate",Strongly agree
3/16/2020 9:15:50,,3/12/2020,Amhara,Denbecha,11,,Male,31,Wadi,Adisalem,,5,Grade B,Other,"friends,banner,leaflate",Agree
3/16/2020 9:18:01,,3/13/2020,Amhara,Denbecha,11,,Male,40,Wadi,Adis alem,,8,Grade B,Other,"friends,banner,leaflate",Strongly agree
3/2/2020 21:20:23,,3/1/2020,Amhara,Siyadebir,10,,Male,41,anchekorer,golterga,,0.5,Grade B,Other,friend,Agree
3/2/2020 21:24:25,,3/1/2020,Amhara,Siyadebir,10,,Male,23,anchekorer,goster,,1,Grade A,Other,near friend ,Agree
3/2/2020 21:27:05,,2/29/2020,Amhara,Siyadebir,10,,Male,50,anchekorer,goster,,0.5,Grade A,Other,my family,Agree
3/2/2020 21:29:32,,2/29/2020,Amhara,Siyadebir,10,,Female,50,anchekorer,goster,,0.5,Grade A,Other,friends,Agree
3/2/2020 21:32:01,,2/29/2020,Amhara,Siyadebir,10,,Male,50,anchekorer,goster,,0.5,Grade A,FTC,no,Agree
3/2/2020 21:34:34,,2/29/2020,Amhara,Siyadebir,10,,Male,40,anchekorer,goster,,1,Grade A,Other,neighbor,Agree
3/4/2020 7:30:28,,2/21/2020,Amhara,Siyadebir,10,,Male,35,anchekorer,kelbesi,,0.5,Grade A,Other,friends,Agree
3/4/2020 7:33:02,,2/21/2020,Amhara,Siyadebir,10,,Male,45,rome,rome,,0.5,Grade A,Other,friends,Agree
3/4/2020 7:35:25,,2/21/2020,Amhara,Siyadebir,10,,Male,47,anchekorer,goshile,,3,Grade B,FTC,DA,Agree
3/4/2020 7:38:27,,2/21/2020,Amhara,Siyadebir,10,,Male,55,ch/a/g,menafist,,1,Grade A,FTC,DA,Agree
3/4/2020 7:40:51,,2/21/2020,Amhara,Siyadebir,10,,Male,30,ch/A/g,menafist,,0.5,Disqualified,FTC,DA,Agree
3/4/2020 7:43:10,,2/21/2020,Amhara,Siyadebir,10,,Male,42,anchekorer,golele,,0.5,Disqualified,FTC,DA,Agree
3/4/2020 7:45:22,,2/21/2020,Amhara,Siyadebir,10,,Male,42,anchekorer,anchekorer,,0.5,Grade A,Other,friends,Agree
3/4/2020 11:22:56,,2/22/2020,Amhara,Siyadebir,10,,Male,35,anchekorer,golilo,,2,Grade A,Other,friends,Agree
3/4/2020 11:24:58,,2/22/2020,Amhara,Siyadebir,10,,Male,35,rome,rome,,0.5,Grade B,FTC,DA,Agree
3/4/2020 11:27:20,,2/22/2020,Amhara,Siyadebir,10,,Male,32,anchekorer,golele,,0.5,Grade B,Other,friends,Agree
3/9/2020 9:00:59,,3/7/2020,Amhara,Siyadebir,10,,Male,43,e/minala,gomera,,0.5,Grade B,Other,friends,Agree
3/9/2020 9:02:49,,3/7/2020,Amhara,Siyadebir,10,,Male,47,agegn,dubra,,0.5,Grade A,FTC,DA,Agree
3/9/2020 9:04:30,,3/7/2020,Amhara,Siyadebir,10,,Male,41,agegn ,tereter,,1,Grade A,FTC,DA,Agree
3/9/2020 9:06:58,,3/7/2020,Amhara,Siyadebir,10,,Male,50,e/menela,gomega,,1.5,Grade A,Community Video,DA,Agree
3/9/2020 9:08:48,,3/7/2020,Amhara,Siyadebir,10,,Male,45,e/menela,gomego,,1.5,Grade A,Community Video,DA,Agree
3/9/2020 9:10:51,,3/7/2020,Amhara,Siyadebir,10,,Female,32,e/menela,gomega,,1,Grade A,Other,friend,Agree
3/9/2020 9:12:27,,3/7/2020,Amhara,Siyadebir,10,,Female,49,e/menela,gomego,,1,Grade A,Other,friends,Agree
3/9/2020 9:15:00,,3/7/2020,Amhara,Siyadebir,10,,Male,41,e/menela,gomego,,2,Grade B,Other,friends ,Agree
3/9/2020 9:16:31,,3/7/2020,Amhara,Siyadebir,10,,Male,37,e/menela,gomogo,,2,Grade A,Other,friends,Agree
3/9/2020 9:26:07,,3/7/2020,Amhara,Siyadebir,10,,Male,42,e/manala,gomego,,2,Grade A,FTC,DA,Agree
3/9/2020 9:28:08,,3/7/2020,Amhara,Siyadebir,10,,Male,40,e/menala,babole,,1,Grade A,Community Video,DA,Agree
3/20/2020 8:30:08,,3/9/2020,Amhara,Siyadebir,10,,Male,47,esatamba,babole,,1,Grade B,Other,brosher,Agree
3/20/2020 8:35:09,,3/9/2020,Amhara,Siyadebir,10,,Male,45,esatamba,babole,,1,Grade B,Other,friends,Agree
3/20/2020 8:37:13,,3/9/2020,Amhara,Siyadebir,10,,Male,45,esat amba ,gomegna,,1,Grade A,Other,friends,Agree
3/20/2020 8:39:54,,3/14/2020,Amhara,Siyadebir,10,,Male,50,esat amba,menelafto,,0.5,Grade A,Other,friends,Agree
3/20/2020 8:41:54,,3/14/2020,Amhara,Siyadebir,10,,Male,40,esat amba,gomegna,,1,Grade A,Other,DA,Agree
3/20/2020 8:44:08,,3/14/2020,Amhara,Siyadebir,10,,Male,45,esat amba,esat amba,,0.5,Grade A,Other,DA,Agree
3/20/2020 8:46:00,,3/14/2020,Amhara,Siyadebir,10,,Male,46,esat amba,esat amba,,0.5,Grade B,Other,friends,Agree
3/20/2020 8:47:37,,3/14/2020,Amhara,Siyadebir,10,,Male,35,esat amba,babole,,0.5,Grade B,Other,friends,Agree
3/20/2020 8:49:35,,3/14/2020,Amhara,Siyadebir,10,,Male,42,esat amba,golel,,10,Grade A,Other,friends,Agree
3/20/2020 9:00:44,,3/14/2020,Amhara,Siyadebir,10,,Male,45,esat amba,gomegna,,2,Grade A,Other,friends,Agree
3/20/2020 9:03:02,,3/14/2020,Amhara,Siyadebir,10,,Female,29,esat amba,chancho,,0.5,Grade A,Other,friends,Agree
3/20/2020 9:04:47,,3/14/2020,Amhara,Siyadebir,10,,Male,41,esat amba,chancho,,0.5,Grade A,FTC,DA,Agree
3/20/2020 9:06:52,,3/14/2020,Amhara,Siyadebir,10,,Male,30,esat amba,anchekorer,,0.5,Grade B,Other,friends,Agree
3/20/2020 9:14:00,,3/14/2020,Amhara,Siyadebir,10,,Male,45,a/kelebeni,afaf,,0.5,Grade B,Other,DA,Agree
3/20/2020 9:16:34,,3/15/2020,Amhara,Siyadebir,10,,Male,31,a/kelebegn,ygouch,,9,Grade A,Other,friends,Agree
3/24/2020 8:30:03,,3/18/2020,Amhara,Siyadebir,10,,Male,49,esat amba,gamegna,,1,Grade A,Other,friends,Agree
3/24/2020 8:31:45,,3/18/2020,Amhara,Siyadebir,10,,Male,45,esat amba,esat amba,,4,Grade A,Other,DA,Agree
3/24/2020 8:34:05,,3/18/2020,Amhara,Siyadebir,10,,Male,40,esat amba,choamba,,1,Grade A,Other,brosher,Agree
3/24/2020 8:35:52,,3/18/2020,Amhara,Siyadebir,10,,Male,24,esat amba,menlafto,,2,Grade A,Other,friends,Agree
3/24/2020 8:37:32,,3/18/2020,Amhara,Siyadebir,10,,Male,32,esat amba,esat amba,,1,Grade A,Other,DA,Agree
3/24/2020 8:39:01,,3/18/2020,Amhara,Siyadebir,10,,Male,66,esat amba,esat amba,,2,Grade A,Other,friends,Agree
3/24/2020 8:40:26,,3/18/2020,Amhara,Siyadebir,10,,Male,35,esat amba,esat amba,,1,Grade A,Other,brosher,Agree
3/24/2020 8:41:49,,3/18/2020,Amhara,Siyadebir,10,,Male,28,esat amba,esat amba,,1,Grade A,Other,no,Agree
3/24/2020 8:44:04,,3/18/2020,Amhara,Siyadebir,10,,Male,25,agegn,gobe,,1,Grade A,Other,no,Agree
3/24/2020 8:45:48,,3/18/2020,Amhara,Siyadebir,10,,Male,31,agegn,gobe,,1,Grade A,Other,no,Agree
3/24/2020 8:48:38,,3/21/2020,Amhara,Siyadebir,10,,Male,40,esat amba,menelafto,,1,Grade A,Other,friends,Agree
3/24/2020 8:50:25,,3/21/2020,Amhara,Siyadebir,10,,Male,42,esat amba,menelafto,,2,Grade A,Other,no,Agree
3/24/2020 8:51:51,,3/21/2020,Amhara,Siyadebir,10,,Male,50,esat amba,esat amba,,2,Grade A,Other,friends,Agree
3/24/2020 8:53:52,,3/21/2020,Amhara,Siyadebir,10,,Male,45,esat amba,menelafto,,2,Grade A,Other,friends,Agree
3/24/2020 8:55:48,,3/21/2020,Amhara,Siyadebir,10,,Male,46,esat amba,menelafto,,3,Grade B,Other,friends,Agree
3/24/2020 8:57:36,,3/21/2020,Amhara,Siyadebir,10,,Male,52,esat amba,menelafto,,3,Grade B,Other,no,Agree
3/24/2020 8:59:51,,3/21/2020,Amhara,Siyadebir,10,,Male,30,esat amba,menelafto,,3,Grade A,Other,DA,Agree
3/24/2020 9:02:07,,3/21/2020,Amhara,Siyadebir,10,,Male,41,esat amba,menelafto,,2,Grade A,Other,no,Agree
3/24/2020 9:03:54,,3/21/2020,Amhara,Siyadebir,10,,Male,43,esat amba,menelafto,,2,Grade A,Other,DA,Agree
3/24/2020 9:06:01,,3/21/2020,Amhara,Siyadebir,10,,Male,25,esat amba,menelafto,,0.5,Grade B,Other,DA,Agree
3/24/2020 9:08:42,,3/17/2020,Amhara,Siyadebir,09,,Male,49,rome,gora,,2,Disqualified,Other,DA,Agree
3/24/2020 9:10:30,,3/17/2020,Amhara,Siyadebir,09,,Female,36,deneba,hzone,,0.5,Grade C,Other,friends,Agree
3/24/2020 9:12:58,,3/17/2020,Amhara,Siyadebir,09,,Male,38,deneba,hzone,,4,Grade B,Other,friends,Agree
3/24/2020 9:14:34,,3/17/2020,Amhara,Siyadebir,09,,Male,32,rome,wabi,,2,Grade A,Other,DA,Agree
3/24/2020 9:16:48,,3/17/2020,Amhara,Siyadebir,09,,Male,66,agersa kubeti,geresa,,3,Grade B,Other,friends,Agree
3/24/2020 9:18:33,,3/17/2020,Amhara,Siyadebir,09,,Male,29,agersa kubeti,geresa,,2,Grade A,Other,friends,Agree
3/24/2020 9:20:16,,3/17/2020,Amhara,Siyadebir,09,,Male,46,rome,gora,,2,Disqualified,Other,friends,Agree
3/24/2020 9:21:49,,3/17/2020,Amhara,Siyadebir,09,,Male,49,rome,gora,,2,Disqualified,Other,friends,Agree
3/24/2020 9:41:43,,3/21/2020,Amhara,Gozamen,03,,Male,35,LIbanos,Libanos,,3,Grade B,Other,"leaflate,banner and friends ",Agree
3/24/2020 9:43:32,,3/21/2020,Amhara,Gozamen,03,,Male,37,Libanos,Libanos,,1,Grade C,Other,"leaflate,banner and friends ",Agree
3/24/2020 9:45:07,,3/19/2020,Amhara,Gozamen,03,,Male,42,Libanos,Libanos,,3,Disqualified,Other,"leaflate,banner and friends ",No difference
3/24/2020 9:46:46,,3/19/2020,Amhara,Gozamen,03,,Male,43,Libanos ,Yebabat,,3,Grade C,Other,"leaflate,banner and friends ",Agree
3/24/2020 9:49:53,,3/21/2020,Amhara,Gozamen,03,,Male,39,Libanos ,Yababat,,3,Disqualified,Other,"leaflate,banner and friends ",Agree
3/24/2020 9:52:10,,3/21/2020,Amhara,Denbecha,12,,Male,52,Yezeleka,Yezeleka,,4,Grade C,Other,"leaflate,banner and friends ",Agree
3/24/2020 9:54:39,,3/21/2020,Amhara,Denbecha,12,,Male,45,Yezeleka,Yezeleka,,5,Grade A,Other,"leaflate,banner and friends ",Strongly agree
3/24/2020 9:56:51,,3/21/2020,Amhara,Denbecha,12,,Male,32,Yezeleka,Sarkuna,,2,Grade A,Other,"leaflate,banner and friends ",Agree
3/24/2020 10:00:17,,3/21/2020,Amhara,Denbecha,12,,Male,46,Asteboch,Astebochi,,10,Grade A,Other,"leaflate,banner and friends ",Strongly agree
3/24/2020 10:02:02,,3/21/2020,Amhara,Denbecha,12,,Male,54,Yezeleka,Limano Drow,,8,Grade A,Other,"leaflate,banner and friends ",Agree
3/24/2020 10:03:47,,3/21/2020,Amhara,Denbecha,11,,Male,35,Wadi,Dihumin,,3,Grade C,Other,"leaflate,banner and friends ",Strongly agree
3/24/2020 10:06:10,,3/21/2020,Amhara,Denbecha,12,,Male,32,Egizerab,Egizerab,,10,Grade B,Other,"leaflate,banner and friends ",Agree
3/24/2020 10:07:52,,3/21/2020,Amhara,Denbecha,12,,Male,35,Jajirab,Chefikat,,2,Grade A,Other,"leaflate,banner and friends ",Strongly agree
3/25/2020 5:16:35,,3/17/2020,Oromia,Gedeb Hasasa,37,,Male,40,Bucho,Bucho,,2,Grade B,Community Video,No,Agree
3/25/2020 5:18:37,,3/17/2020,Oromia,Gedeb Hasasa,37,,Female,35,Wekentera,Wekentera,,2,Grade C,FTC,No,Agree
3/25/2020 5:21:27,,3/21/2020,Oromia,Gedeb Hasasa,37,,Male,30,Bucho,Bucho,,2,Grade C,Other,From shop center ,Agree
3/25/2020 5:23:24,,3/21/2020,Oromia,Gedeb Hasasa,37,,Male,30,Wekentera,Wekentera,,2,Grade A,Community Video,No,Agree
3/25/2020 5:32:09,,3/21/2020,Oromia,Gedeb Hasasa,37,,Male,27,Bucho,Bucho,,2,Grade C,Community Video,No,Agree
3/25/2020 5:35:02,,3/21/2020,Oromia,Gedeb Hasasa,37,,Male,45,Wekentera,Wekentera,,2,Grade C,Other,From shop center ,Agree
3/25/2020 5:39:39,,3/16/2020,Oromia,Gedeb Hasasa,37,,Male,36,Kubsa,Dabara,,1,Grade A,Community Video,No,Agree
3/25/2020 5:43:01,,3/16/2020,Oromia,Gedeb Hasasa,38,,Male,37,Hindeti,Hindeti,,2,Grade B,FTC,From shop center,Agree
3/25/2020 5:48:30,,3/19/2020,Oromia,Gedeb Hasasa,38,,Male,40,Hindet,Hindet,,2,Grade A,FTC,No,Agree
3/25/2020 5:53:11,,3/19/2020,Oromia,Gedeb Hasasa,38,,Female,29,Kubsa,Dabara,,1,Grade C,FTC,No,Agree
3/25/2020 5:56:19,,3/19/2020,Oromia,Gedeb Hasasa,38,,Male,30,Kakawa,Kakawa,,1,Grade A,FTC,No,Agree
3/25/2020 6:02:24,,3/21/2020,Oromia,Digeluna Tijo,15,,Male,41,Lole,Hofi,,0.5,Grade B,Community Video,No,Agree
3/25/2020 6:04:53,,3/21/2020,Oromia,Digeluna Tijo,15,,Male,56,Lole ,Hofi,,0.5,Grade B,FTC,No,Agree
3/25/2020 6:06:29,,3/21/2020,Oromia,Digeluna Tijo,15,,Male,48,Lole,Hofi,,0.5,Grade B,Community Video,No,Agree
3/25/2020 6:08:20,,3/21/2020,Oromia,Digeluna Tijo,15,,Male,50,Lole,Hofi,,0.5,Grade B,Other,From shop center ,Agree
3/25/2020 6:12:42,,3/19/2020,Oromia,Digeluna Tijo,16,,Male,42,Sagure,Mole,,0.5,Grade B,Community Video,No,Agree
3/25/2020 6:14:22,,3/19/2020,Oromia,Digeluna Tijo,16,,Male,56,Sagure,Mole,,0.5,Grade B,Community Video,No,Agree
3/26/2020 8:20:46,,3/19/2020,Amhara,Siyadebir,09,,Male,33,dawo,dawo,,2,Grade A,Other,friends,Agree
3/26/2020 8:23:51,,3/19/2020,Amhara,Siyadebir,09,,Male,26,rome,ego,,1,Grade A,Other,friends,Agree
3/26/2020 8:25:41,,3/19/2020,Amhara,Siyadebir,09,,Male,47,rome ,gudila,,1,Grade A,Other,friends,Agree
3/26/2020 8:27:50,,3/19/2020,Amhara,Siyadebir,09,,Male,26,rome,egu,,0.5,Grade B,Other,DA,Agree
3/26/2020 8:29:29,,3/19/2020,Amhara,Siyadebir,09,,Male,25,rome,egu,,0.5,Grade B,Other,friends,Agree
3/26/2020 8:32:12,,3/19/2020,Amhara,Siyadebir,09,,Male,58,rome,egu,,4,Grade A,Other,friends,Agree
3/26/2020 8:34:06,,3/19/2020,Amhara,Siyadebir,09,,Male,40,agersa kubeti,gotadgo,,2,Grade A,Other,friends,Agree
3/26/2020 8:36:04,,3/19/2020,Amhara,Siyadebir,09,,Male,43,agersa kubeti,01 deneba,,1,Grade A,Other,friends,Agree
3/26/2020 8:40:27,,3/15/2020,Amhara,Basona Woerna,06,,Male,31,gushebado,gushebado,,0.5,Grade C,Other,no,Agree
3/26/2020 8:43:24,,3/15/2020,Amhara,Basona Woerna,06,,Male,40,gushebado,gushebado,,2,Disqualified,Other,DA,Agree
3/26/2020 8:44:42,,3/15/2020,Amhara,Basona Woerna,06,,Male,36,gushebado,gushebado,,3,Disqualified,Other,DA,Agree
3/26/2020 8:46:33,,3/15/2020,Amhara,Basona Woerna,06,,Male,28,gushebado,keyafer,,1,Disqualified,Other,DA,Agree
3/26/2020 8:48:06,,3/15/2020,Amhara,Basona Woerna,06,,Male,30,gushebado,gushebado,,1,Grade C,Other,DA,Agree
3/26/2020 8:49:31,,3/15/2020,Amhara,Basona Woerna,06,,Male,35,gushebado,aredo,,2,Grade B,Other,DA,Agree
3/26/2020 8:51:12,,3/15/2020,Amhara,Basona Woerna,06,,Male,30,gushebado,gashawet,,0.5,Disqualified,Other,DA,Agree
3/27/2020 8:02:21,,3/18/2020,Oromia,Tiyo,20,,Male,33,Gonde,01,,7,Grade A,Other,From shop center ,Agree
3/27/2020 8:05:17,,3/18/2020,Oromia,Tiyo,20,,Male,51,Gonde,Makra,,2,Grade C,Community Video,No,Agree
3/27/2020 8:07:13,,3/18/2020,Oromia,Tiyo,20,,Male,19,Oda Dawata,Makra,,0.5,Grade A,Community Video,No,Agree
3/27/2020 9:50:36,,3/18/2020,Oromia,Tiyo,20,,Male,35,Oda Dawata,Makira,,1,Grade A,Community Video,No,Agree
3/27/2020 9:53:21,,3/18/2020,Oromia,Tiyo,20,,Male,27,Oda Dawata,Makra,,0.5,Grade A,Community Video,No,Agree
3/27/2020 9:59:01,,3/18/2020,Oromia,Tiyo,20,,Male,22,Kulumsa,01,,1,Grade A,Other,From shop center ,Agree
3/27/2020 10:02:55,,3/21/2020,Oromia,Tiyo,20,,Male,26,Oda Dawata,Makra,,1,Grade A,Community Video,No,Agree
3/27/2020 10:07:06,,3/21/2020,Oromia,Tiyo,20,,Male,34,Oda Dawata,Makra,,2,Grade C,Other,From Shop center ,Agree
3/27/2020 10:09:13,,3/21/2020,Oromia,Tiyo,20,,Male,60,Oda Dawata,Makra,,1.5,Grade B,Other,From shop center ,Agree
3/27/2020 10:11:19,,3/21/2020,Oromia,Tiyo,20,,Male,55,Oda Dawata,Makra,,2,Grade B,Other,From shop center,Agree
3/28/2020 8:54:56,,3/21/2020,Amhara,Basona Woerna,05,,Male,43,gudoberet,werage,,1,Grade A,Other,DA,Agree
3/28/2020 8:56:56,,3/21/2020,Amhara,Basona Woerna,05,,Male,38,adisge,wenbero,,2,Grade B,Other,DA,Agree
3/28/2020 8:58:37,,3/21/2020,Amhara,Basona Woerna,05,,Male,34,gudoberet,mush,,1,Grade B,Other,DA,Agree
3/28/2020 9:00:20,,3/21/2020,Amhara,Basona Woerna,05,,Male,33,gudoberet,gudoberet,,0.5,Grade A,Other,DA,Agree
3/28/2020 9:02:06,,3/21/2020,Amhara,Basona Woerna,05,,Male,32,gudoberet,gudoberet,,1,Grade A,Other,DA,Agree
3/30/2020 7:39:13,,3/25/2020,SNNP,Lemo,46,,Male,37,Masbira ,Gabo,,5,Grade C,Other,from market level promotion ,Strongly agree
3/30/2020 7:43:00,,3/25/2020,SNNP,Lemo,46,,Male,45,Masbira ,Gabo,,3,Grade B,Other,market promotion,Strongly agree
3/30/2020 11:03:01,,3/28/2020,Amhara,Gozamen,03,,Male,45,Libanos,Gojimade,,1.5,Grade A,FTC,FTC,Agree
3/30/2020 11:04:55,,3/28/2020,Amhara,Gozamen,03,,Male,27,LIbanos,Kerichim,,2,Grade B,Other,"Banner,friend and leaflate ",Agree
3/30/2020 11:06:29,,3/28/2020,Amhara,Gozamen,03,,Male,45,Libanos,Yebabat,,2,Grade B,Other,"Banner,friend and leaflate ",Strongly agree
3/30/2020 11:08:10,,3/28/2020,Amhara,Gozamen,03,,Male,38,Libanos,Yebabat,,2.5,Grade A,Other,"Banner,friend and leaflate ",Agree
3/30/2020 11:10:07,,3/28/2020,Amhara,Gozamen,03,,Male,27,LIbanos,Yebabat,,0.5,Grade B,Other,"Banner,friend and leaflate ",Agree
3/30/2020 11:12:46,,3/28/2020,Amhara,Gozamen,03,,Male,37,Libanos,Yebabat,,1,Grade C,Other,"Banner,friend and leaflate ",Agree
3/30/2020 11:14:23,,3/28/2020,Amhara,Gozamen,03,,Male,48,DEniba,DEniba,,1,Grade A,Other,"Banner,friend and leaflate ",Agree
3/30/2020 11:16:07,,3/28/2020,Amhara,Gozamen,03,,Male,32,Chimit,Getem,,0.5,Grade B,Other,"Banner,friend and leaflate ",Agree
3/30/2020 11:20:06,,3/28/2020,Amhara,Denbecha,12,,Male,43,Asitebochi,Wejet,,10,Grade A,Other,"Banner,friend and leaflate ",Agree
3/30/2020 11:22:15,,3/28/2020,Amhara,Denbecha,12,,Male,40,Asiteboch,Wejet,,15,Grade B,Other,"Banner,friend and leaflate ",Strongly agree
3/30/2020 11:24:37,,3/28/2020,Amhara,Denbecha,12,,Male,43,Asiteboch,Wejet,,5,Grade A,Other,"Banner,friend and leaflate ",Agree
3/30/2020 11:26:38,,3/28/2020,Amhara,Denbecha,12,,Male,38,Asiteboch,Wejet,,5,Grade A,Other,"Banner,friend and leaflate ",Agree
3/30/2020 11:28:55,,3/28/2020,Amhara,Denbecha,12,,Male,45,Zeleka,Weyinima,,10,Grade C,Other,"Banner,friend and leaflate ",Strongly agree
3/30/2020 11:45:37,,3/17/2020,Tigray,Ofla,60,,Male,45,Fala,Mesgid,,0.5,Grade A,Other,Leaders ,Agree
3/30/2020 11:50:48,,3/17/2020,Tigray,Ofla,60,,Female,26,Fala ,Fala,,0.5,Grade A,FTC,FTC,Strongly agree
3/30/2020 11:55:17,,3/17/2020,Tigray,Ofla,60,,Male,35,Zata ,Zata,,0.5,Grade A,FTC,FTC,Strongly agree
3/30/2020 11:57:13,,3/17/2020,Tigray,Ofla,60,,Male,42,Sofya,Dekezba,,0.5,Grade A,FTC,FTC,Strongly agree
3/30/2020 11:59:15,,3/17/2020,Tigray,Ofla,60,,Male,36,Fala,Fala,,0.5,Grade A,Other,cooperatives,Agree
3/30/2020 12:11:49,,3/17/2020,Tigray,Ofla,60,,Male,28,Fala,Fala,,0.5,Grade A,FTC,FTC,Strongly agree
3/30/2020 12:14:07,,3/17/2020,Tigray,Ofla,60,,Female,36,Zata,Zata,,0.5,Grade A,FTC,FTC,Agree
3/30/2020 12:16:14,,3/17/2020,Tigray,Ofla,60,,Female,35,Fala,Fala,,0.5,Grade A,FTC,FTC,Strongly agree
3/30/2020 12:20:53,,3/19/2020,Tigray,Ofla,59,,Male,33,Hashenge ,Hashenge,,0.5,Grade A,FTC,FTC,Strongly agree
3/30/2020 12:23:03,,3/19/2020,Tigray,Ofla,59,,Female,42,Hashenge,Adibomusa ,,0.5,Grade A,Community Video,,Strongly agree
3/30/2020 12:25:25,,3/19/2020,Tigray,Ofla,59,,Male,35,Hashenge ,Adibomusa ,,0.5,Grade A,Other,Certifiers ,Strongly agree
3/30/2020 12:27:12,,3/19/2020,Tigray,Ofla,59,,Male,40,Hashenge ,Adibomusa ,,0.5,Grade A,Community Video,,Strongly agree
3/30/2020 12:29:25,,3/19/2020,Tigray,Ofla,59,,Male,35,Hashenge ,Adibomusa ,,0.5,Grade A,FTC,FTC,Strongly agree
3/30/2020 12:31:29,,3/19/2020,Tigray,Ofla,59,,Male,39,Hashenge ,Adibomusa ,,0.5,Grade A,FTC,FTC,Agree
3/30/2020 12:33:13,,3/19/2020,Tigray,Ofla,59,,Male,35,Hashenge ,Adibomusa ,,0.5,Grade A,FTC,FTC,Strongly agree
3/30/2020 12:35:11,,3/19/2020,Tigray,Ofla,59,,Male,40,Hashenge ,Adibomusa ,,0.5,Grade A,FTC,FTC,Strongly agree
3/30/2020 12:36:53,,3/19/2020,Tigray,Ofla,59,,Male,45,Hashenge ,Adibomusa ,,0.5,Grade A,FTC,FTC,Strongly agree
3/30/2020 12:38:55,,3/19/2020,Tigray,Ofla,59,,Male,35,Hashenge ,Adibomusa ,,0.5,Grade A,FTC,FTC,Strongly agree
3/30/2020 12:40:31,,3/19/2020,Tigray,Ofla,59,,Male,41,Hashenge ,Adibomusa ,,0.5,Grade A,FTC,FTC,Strongly agree
3/30/2020 12:42:40,,3/19/2020,Tigray,Ofla,59,,Male,45,Hashenge ,Adibomusa ,,0.5,Grade A,Community Video,,Strongly agree
3/30/2020 12:44:36,,3/19/2020,Tigray,Ofla,59,,Male,40,Hashenge ,Adibomusa ,,0.5,Grade A,Other,Certifiers ,Agree
3/30/2020 12:50:11,,3/19/2020,Tigray,Ofla,59,,Male,41,Hashenge ,Adibomusa,,0.5,Grade A,FTC,FTC,Strongly agree
3/30/2020 12:52:17,,3/19/2020,Tigray,Ofla,59,,Male,45,Hashenge ,Adbomusa ,,0.5,Grade A,Community Video,,Strongly agree
3/30/2020 13:14:16,,3/19/2020,Tigray,Ofla,59,,Male,46,Hashenge ,Adibomusa ,,0.5,Grade A,Community Video,,Strongly agree
3/30/2020 13:15:59,,3/19/2020,Tigray,Ofla,59,,Male,46,Hashenge ,Adibomusa,,0.5,Grade A,Other,Certifiers ,Agree
3/30/2020 13:17:50,,3/19/2020,Tigray,Ofla,59,,Male,55,Hashenge ,Adibomusa ,,0.5,Grade A,Other,Certifiers ,Agree
3/30/2020 13:19:54,,3/19/2020,Tigray,Ofla,59,,Male,32,Hashenge ,Adibomusa ,,0.5,Grade A,Other,Cooperatives ,Strongly agree
3/30/2020 13:21:28,,3/19/2020,Tigray,Ofla,59,,Male,43,Hashenge ,Adibomusa ,,0.5,Grade A,FTC,FTC,Strongly agree
3/30/2020 13:28:21,,3/21/2020,Tigray,Enda Mehoni,58,,Male,37,Simret ,Laelay Haya ,,0.5,Grade A,Other,Cooperatives ,Strongly agree
3/30/2020 13:30:49,,3/21/2020,Tigray,Enda Mehoni,58,,Male,32,Simret ,Laelay Haya ,,0.5,Grade A,Other,Cooperatives ,Agree
3/30/2020 13:34:09,,3/21/2020,Tigray,Enda Mehoni,58,,Female,40,Simret ,Awolaot,,0.5,Disqualified,Other,Cooperatives ,Agree
3/30/2020 13:37:07,,3/23/2020,Tigray,Enda Mehoni,58,,Male,30,Meswaeti,Edaga ,,0.5,Grade B,Other,Certifiers ,Strongly agree
3/30/2020 13:39:05,,3/23/2020,Tigray,Enda Mehoni,58,,Male,45,Meswaeti,Edaga ,,0.5,Grade B,Other,Certifiers ,Strongly agree
3/30/2020 13:43:59,,3/23/2020,Tigray,Enda Mehoni,58,,Male,40,Tahtay Haya ,Dirdir ,,0.5,Grade C,Other,Certifiers ,Strongly agree
3/30/2020 13:41:40,,3/23/2020,Tigray,Enda Mehoni,58,,Male,50,Tahtay Haya ,Dirdir ,,0.5,Grade A,Other,Certifiers ,Strongly agree
3/30/2020 13:46:14,,3/23/2020,Tigray,Enda Mehoni,58,,Female,43,Tahtay Haya ,Tale ,,0.5,Grade A,Other,Unions ,Strongly agree
3/30/2020 13:57:35,,5/23/2020,Tigray,Enda Mehoni,58,,Male,48,Mesaeti,Maekel,,0.5,Grade A,Other,Unions ,Strongly agree
3/30/2020 14:00:31,,3/23/2020,Tigray,Enda Mehoni,58,,Female,35,Meswaeti,Edaga ,,0.5,Grade A,Other,Certifiers ,Agree
3/30/2020 14:02:44,,3/23/2020,Tigray,Enda Mehoni,58,,Male,30,Tahtay Haya ,Ulalsale ,,0.5,Grade C,Other,Unions ,Strongly agree
3/30/2020 15:26:14,,3/16/2020,Tigray,Enda Mehoni,58,,Male,55,Meswaeti,Edaga,,0.5,Grade A,Other,Union/Cooperatives ,Strongly agree
3/30/2020 15:29:26,,3/16/2020,Tigray,Enda Mehoni,58,,Female,35,Meswaeti,Edaga ,,0.5,Grade B,Other,Certifiers ,Strongly agree
3/30/2020 15:32:06,,3/16/2020,Tigray,Enda Mehoni,58,,Female,50,Meswaeti,Edaga,,0.5,Grade A,Other,Entreprenuers ,Strongly agree
3/30/2020 15:34:33,,3/16/2020,Tigray,Enda Mehoni,58,,Female,40,Simret ,Simret ,,0.5,Grade A,FTC,ETC,Agree
3/30/2020 15:36:31,,3/16/2020,Tigray,Enda Mehoni,58,,Female,42,Simret ,Simret,,0.5,Grade A,FTC,FTC,Agree
3/30/2020 15:39:15,,3/16/2020,Tigray,Enda Mehoni,58,,Female,39,Meswaeti,Edaga,,0.5,Grade A,Other,Certifiers  ,Strongly agree
3/30/2020 15:41:20,,3/16/2020,Tigray,Enda Mehoni,58,,Female,37,Meswaeti ,Edaaga ,,0.5,Grade A,Other,Entreprenuers ,Strongly agree
3/30/2020 15:43:29,,3/16/2020,Tigray,Enda Mehoni,58,,Female,48,Meswaeti,Edaga ,,0.5,Grade A,Other,Certifiers ,Agree
3/30/2020 15:45:53,,3/16/2020,Tigray,Enda Mehoni,58,,Female,40,Meswaeti ,Edaga ,,0.5,Grade A,Other,cooperatives ,Strongly agree
3/30/2020 15:50:39,,3/16/2020,Tigray,Enda Mehoni,58,,Female,30,Tahtay Haya ,Dirdir ,,0.5,Grade A,Other,cooperatives ,Strongly agree
4/2/2020 17:39:42,,4/23/2020,Amhara,Siyadebir,09,,Male,45,wole,conco,,1,Grade A,Other,friends,Agree
4/2/2020 17:41:09,,4/23/2020,Amhara,Siyadebir,09,,Male,40,rome,egu,,2,Grade A,Other,DA,Agree
4/2/2020 17:42:28,,4/23/2020,Amhara,Siyadebir,09,,Male,31,rome,eneye,,1,Grade B,Other,friends,Agree
4/2/2020 17:43:58,,4/23/2020,Amhara,Siyadebir,09,,Male,28,rome,eney,,1,Grade B,Other,DA,Agree
4/2/2020 17:45:21,,4/23/2020,Amhara,Siyadebir,09,,Male,23,rome,rome,,1,Grade A,Other,DA,Agree
4/2/2020 17:47:22,,4/23/2020,Amhara,Siyadebir,09,,Male,28,rome,gadula,,1,Grade A,Other,DA,Agree
4/2/2020 17:50:01,,4/23/2020,Amhara,Siyadebir,09,,Male,35,g/achti,sebaba,,1,Grade B,Other,DA,Agree
4/2/2020 17:51:40,,4/23/2020,Amhara,Siyadebir,09,,Male,25,wole,wole,,2,Grade B,Other,friends,Agree
4/2/2020 17:53:10,,4/23/2020,Amhara,Siyadebir,09,,Male,49,rome,gara,,2,Grade B,Other,friends ,Agree
4/2/2020 17:54:35,,4/23/2020,Amhara,Siyadebir,09,,Male,36,rome,egu,,2,Grade A,Other,friends,Agree
4/2/2020 17:56:22,,4/23/2020,Amhara,Siyadebir,09,,Male,52,rome,egu,,3,Grade A,Other,DA,Agree
4/2/2020 17:57:51,,4/23/2020,Amhara,Siyadebir,09,,Male,23,wole,boniya,,3,Grade B,Other,DA,Agree
4/2/2020 17:59:11,,4/23/2020,Amhara,Siyadebir,09,,Female,40,wole,abeca,,1,Grade B,Other,friends,Agree
4/6/2020 9:07:10,,2/19/2020,Oromia,Arsi Negele,33,,Male,42,A/Sayo,Laga Gora,,2,Grade B,Other,certification shop center,Agree
4/6/2020 9:07:10,,2/21/2020,Oromia,Arsi Negele,33,,Male,49,wotera,mako,,3,Grade C,Other,certification shop center,Agree
4/6/2020 9:07:12,,2/21/2020,Oromia,Arsi Negele,33,,Male,38,B/Reji,sodo 1st,,5,Grade A,Other,certification shop center,Agree
4/6/2020 9:31:55,,2/24/2020,Oromia,Arsi Negele,33,,Male,54,A/Tita,Ukuma,,3,Grade C,Community Video,,Agree
4/6/2020 9:32:00,,2/24/2020,Oromia,Arsi Negele,33,,Male,50,B/Raji,sodo 1st,,6,Grade C,Community Video,,Agree
4/6/2020 9:32:10,,2/24/2020,Oromia,Arsi Negele,33,,Male,36,B/Reji,sodo 2nd,,4,Grade C,Community Video,,Agree
4/6/2020 9:32:21,,2/24/2020,Oromia,Arsi Negele,33,,Male,45,Danshe,Afurso,,8,Grade B,Community Video,,Agree
4/6/2020 9:32:42,,2/24/2020,Oromia,Arsi Negele,33,,Male,32,Danshe,Awade,,4,Grade B,Community Video,,Agree
4/6/2020 9:47:08,,2/26/2020,Oromia,Arsi Negele,33,,Male,22,A/Tita,Q/Ukuma,,5,Grade C,Community Video,,No difference
4/6/2020 9:47:10,,2/28/2020,Oromia,Arsi Negele,33,,Male,46,A/Tita,Holatu,,4,Grade C,Community Video,,Agree
4/6/2020 9:47:14,,3/4/2020,Oromia,Arsi Negele,33,,Male,37,A/Tita,Q/Ukuma,,2,Grade B,Other,certification shop center,Agree
4/6/2020 9:51:55,,3/4/2020,Oromia,Arsi Negele,33,,Female,31,A/Tita,Lado,,4,Grade B,Other,certification shop center,Agree
4/6/2020 10:11:23,,2/26/2020,Oromia,Arsi Negele,34,,Male,42,B/Reji,sodo,,7,Grade C,Community Video,,Agree
4/6/2020 10:11:23,,2/29/2020,Oromia,Arsi Negele,34,,Male,40,sayo,Laga Gora,,4,Grade B,Community Video,,Agree
4/6/2020 10:11:23,,2/26/2020,Oromia,Arsi Negele,34,,Male,36,Danshe,Awade,,4,Grade C,Community Video,,Agree
4/6/2020 10:11:23,,2/29/2020,Oromia,Arsi Negele,34,,Male,38,sayo,Laga Gora,,10,Grade C,Community Video,,Agree
4/6/2020 11:00:53,,4/1/2020,SNNP,Lemo,46,,Male,45,Masbira,Gabo,,2,Grade C,Community Video,Market promotion,Strongly agree
4/6/2020 11:05:26,,4/1/2020,SNNP,Lemo,46,,Male,38,Masbira,Gabo,,3,Grade A,Other,Market level promotion by certifiers ,Strongly agree
4/6/2020 17:23:24,,4/3/2020,Amhara,Denbecha,11,,Male,42,Jajirab,Chafikat,,5,Grade B,Other,"friends ,Bannne and leaflate ",Agree
4/6/2020 17:25:58,,4/3/2020,Amhara,Gozamen,03,,Male,50,Libanos ,Yebabat,,3,Grade A,Other,"friends ,Bannne and leaflate ",Agree
4/6/2020 17:29:09,,4/3/2020,Amhara,Gozamen,03,,Male,37,Libanos,Libanos,,3,Grade A,Other,"friends ,Bannne and leaflate ",No difference
4/6/2020 17:31:18,,4/3/2020,Amhara,Gozamen,03,,Male,38,Libanos,Lbanos,,3,Grade C,Other,"friends ,Bannne and leaflate ",No difference
4/6/2020 17:33:43,,4/3/2020,Amhara,Gozamen,03,,Female,42,Libanos,Yeridibuk,,2.5,Grade A,Other,"friends ,Bannne and leaflate ",Strongly agree
4/6/2020 17:36:14,,4/3/2020,Amhara,Gozamen,03,,Female,38,Libanos,Lobanos,,2.5,Grade C,Other,"friends ,Bannne and leaflate ",Agree
4/6/2020 17:38:24,,4/2/2020,Amhara,Gozamen,03,,Female,33,Libanos,Adibasi,,2.5,Grade B,Other,"friends ,Bannne and leaflate ",Agree
4/6/2020 17:40:27,,4/3/2020,Amhara,Gozamen,03,,Male,35,Libanos,Libanos,,2.5,Grade C,FTC,.,Agree
4/6/2020 17:53:20,,4/3/2020,Amhara,Denbecha,11,,Male,43,Wadi,AdisAlem,,5,Grade B,Other,"friends ,Bannne and leaflate ",Strongly agree
4/6/2020 18:18:05,,4/3/2020,Amhara,Denbecha,11,,Male,45,Wadi,Adis Alem,,5,Grade B,Other,"friends ,Bannne and leaflate ",Strongly agree
4/6/2020 18:20:42,,4/3/2020,Amhara,Denbecha,11,,Male,42,Wadi ,Adis Alem,,4,Grade B,Other,"friends ,Bannne and leaflate ",Agree
4/6/2020 18:22:57,,4/3/2020,Amhara,Denbecha,11,,Female,47,Egizer Ab,Bargenen,,1,Grade C,Other,"friends ,Bannne and leaflate ",Agree
4/6/2020 18:25:29,,4/3/2020,Amhara,Denbecha,11,,Male,47,Egizerab,Bargen,,3,Grade C,Other,"friends ,Bannne and leaflate ",Agree
4/6/2020 18:27:27,,4/3/2020,Amhara,Denbecha,11,,Male,56,Wadi,Adis Alem,,4,Grade B,Other,"friends ,Bannne and leaflate ",Agree
4/6/2020 18:29:57,,4/3/2020,Amhara,Denbecha,11,,Male,45,Egizerabi,Egizerabi,,2,Grade A,Other,"friends ,Bannne and leaflate ",Agree
4/7/2020 11:36:39,,3/7/2020,Oromia,Dendi,43,,Male,27,QABA BAREDA ,ABAYI ,,0.5,Grade B,Community Video,No ,Agree
4/7/2020 11:41:54,,3/7/2020,Oromia,Dendi,43,,Male,20,DANISA SHENO,DANISA,,0.5,Grade C,Other,Farmers ,Agree
4/7/2020 11:46:50,,3/9/2020,Oromia,Dendi,43,,Male,29,AWASH BOLOXO,1,,0.5,Grade C,Community Video,No,Agree
4/7/2020 11:49:53,,3/12/2020,Oromia,Dendi,43,,Male,45,AWASH BOLOXO,AWASH 3,,0.5,Grade C,Community Video,No ,Agree
4/7/2020 11:52:49,,3/12/2020,Oromia,Dendi,43,,Male,70,WAMURA SEKO,MULDHATA OLANI ,,0.5,Grade C,Community Video,No ,Agree
4/7/2020 11:55:44,,3/14/2020,Oromia,Dendi,44,,Male,30,MULDHATA OLANI ,MULO ,,0.5,Grade B,FTC,No,Agree
4/7/2020 12:02:19,,3/19/2020,Oromia,Dendi,43,,Male,30,DANISA SHONO,FINCAA ,,0.5,Grade B,FTC,Development agents ,Agree
4/7/2020 12:05:28,,3/19/2020,Oromia,Dendi,43,,Male,24,DANISA SHONO ,DANISA SHONO ,,0.5,Grade C,Other,From farmers ,Agree
4/7/2020 12:08:58,,3/19/2020,Oromia,Dendi,43,,Male,45,DANISA SHONO ,DANISA,,0.5,Grade B,Other,From entrepreneur  ,Agree
4/7/2020 12:12:30,,3/19/2020,Oromia,Dendi,44,,Male,25,Galesa,MULO ,,0.5,Grade A,FTC,From development agent ,Agree
4/7/2020 12:15:41,,3/19/2020,Oromia,Dendi,43,,Male,68,OSOLE BEELILI /WAMURA SEKO,1,,0.5,Grade C,Community Video,No,Agree
4/7/2020 12:18:18,,3/21/2020,Oromia,Dendi,44,,Male,30,QEBA BEREDA ,BEREDA,,0.5,Grade B,Community Video,No,Agree
4/7/2020 12:21:41,,3/21/2020,Oromia,Dendi,44,,Male,21,KETKETA WARABUCH,GARE ,,0.5,Grade A,Community Video,No,Agree
4/7/2020 12:24:39,,3/21/2020,Oromia,Dendi,44,,Male,20,KATEKETA WARABUCH/GALESSAA ,GARE,,0.5,Grade C,Community Video,NO,Agree
4/7/2020 12:28:02,,3/23/2020,Oromia,Dendi,43,,Female,45,DANISA SHONO,DANISA ,,1,Grade B,Other,FROM FARMERS ,Agree
4/7/2020 12:31:10,,3/23/2020,Oromia,Dendi,43,,Male,46,GINCHI 01, GINCHI 03,,1,Grade A,FTC,NO,Agree
4/7/2020 12:34:44,,3/23/2020,Oromia,Dendi,43,,Female,60,DANISA SHONO , SHONO ,,1,Grade B,Other,FROM FARMERS ,Agree
4/7/2020 12:37:10,,3/23/2020,Oromia,Dendi,43,,Male,23,DANISA SHONO,SHONO,,0.5,Grade A,FTC,NO,Agree
4/7/2020 12:39:32,,3/23/2020,Oromia,Dendi,43,,Male,47,DANISA SHONO, SHONO,,0.5,Grade A,FTC,NO,Agree
4/7/2020 12:48:15,,3/30/2020,Oromia,Dendi,43,,Male,27,AWASH BOLOTO ,AWASH 4,,0.5,Grade B,Community Video,NO,Agree
4/7/2020 12:53:30,,3/30/2020,Oromia,Dendi,43,,Male,26,WARKA QORE , QORE ,,0.5,Grade A,Community Video,NO,Agree
4/10/2020 9:32:24,,4/5/2020,Amhara,Basona Woerna,05,,Female,45,gudoberet,welede abaagere,,1,Grade B,Other,DA,Agree
4/10/2020 9:34:31,,4/5/2020,Amhara,Basona Woerna,05,,Male,36,gudoberet,mush,,1.5,Grade A,Other,friends,Agree
4/10/2020 9:39:19,,4/5/2020,Amhara,Basona Woerna,05,,Male,38,gudoberet,mewkeri ager,,1,Grade A,Other,DA,Agree
4/10/2020 9:40:55,,4/5/2020,Amhara,Basona Woerna,05,,Male,48,gudoberet,mush,,2,Disqualified,Other,friends,Agree
4/10/2020 9:59:46,,4/4/2020,Amhara,Basona Woerna,06,,Male,35,shebado,werkegur,,1,Grade A,Other,friends,Agree
4/10/2020 10:01:52,,4/4/2020,Amhara,Basona Woerna,06,,Male,42,gushebado,weanchet,,0.5,Disqualified,Other,friends,Agree
4/10/2020 10:04:01,,4/4/2020,Amhara,Basona Woerna,06,,Male,28,gushebado,werkegur,,1.5,Grade C,Other,friends,Agree
4/10/2020 10:10:49,,4/4/2020,Amhara,Basona Woerna,06,,Female,50,gushebado,fenchachawasha,,0.5,Grade A,Other,friends,Agree
4/22/2020 17:44:32,,3/26/2020,Amhara,Siyadebir,09,,Male,35,rome,gora,,2,Grade A,Other,friends,Agree
4/22/2020 17:46:47,,3/26/2020,Amhara,Siyadebir,09,,Male,36,rome,goduwa,,2,Grade A,Other,family,Agree
4/22/2020 17:48:29,,3/26/2020,Amhara,Siyadebir,09,,Male,38,rome,gudwa,,3,Grade B,Other,friends,Agree
4/22/2020 17:50:44,,3/26/2020,Amhara,Siyadebir,09,,Male,40,egersa kubeti,goresa,,1,Grade B,Other,friends,Agree
4/22/2020 17:58:54,,3/26/2020,Amhara,Siyadebir,09,,Male,42,deneba,deneba,,16,Grade A,Other,friends,Agree
4/22/2020 18:00:56,,3/26/2020,Amhara,Siyadebir,09,,Male,25,wele,wele,,2,Grade B,Other,friends,Agree
4/22/2020 18:02:30,,3/26/2020,Amhara,Siyadebir,09,,Male,30,wele,wele,,2,Disqualified,Other,friends,Agree
4/22/2020 18:04:14,,3/26/2020,Amhara,Siyadebir,09,,Male,35,wele,wele,,1,Grade A,Other,friends,Agree
4/22/2020 18:05:48,,3/26/2020,Amhara,Siyadebir,09,,Male,41,rome,rome,,1,Grade A,Other,friends,Agree
4/22/2020 18:07:19,,3/26/2020,Amhara,Siyadebir,09,,Male,42,rome,rome,,3,Grade A,Other,friends,Agree
4/22/2020 18:08:57,,3/26/2020,Amhara,Siyadebir,09,,Male,40,rome,rome,,2,Grade A,Other,friends,Agree
4/22/2020 18:10:51,,3/26/2020,Amhara,Siyadebir,09,,Male,28,rome,rome,,2,Grade A,Other,friends,Agree
4/22/2020 18:23:35,,3/26/2020,Amhara,Siyadebir,09,,Male,32,wele,coby,,2,Grade A,Other,friends,Agree
4/22/2020 18:25:11,,3/26/2020,Amhara,Siyadebir,09,,Male,35,wele,coby,,2,Grade B,Other,friends,Agree
4/22/2020 18:27:04,,3/26/2020,Amhara,Siyadebir,09,,Male,45,wele,coby,,2,Grade A,Other,friends ,Agree
4/25/2020 8:40:09,,3/31/2020,Amhara,Siyadebir,09,,Male,38,wele,wele,,3,Grade A,Other,friends,Agree
4/25/2020 8:41:59,,3/30/2020,Amhara,Siyadebir,09,,Male,39,wele,deneba,,2,Grade A,Other,friends,Agree
4/25/2020 8:43:42,,3/31/2020,Amhara,Siyadebir,09,,Male,28,wele,deneba,,1,Grade B,Other,friends,Agree
4/25/2020 8:45:30,,3/31/2020,Amhara,Siyadebir,09,,Male,38,egersakubeti,kubeti,,4,Grade A,Other,friends,Agree
4/25/2020 8:47:21,,3/31/2020,Amhara,Siyadebir,09,,Male,40,egersakubeti,kubeti,,4,Grade A,Other,friends,Agree
4/25/2020 8:49:52,,3/31/2020,Amhara,Siyadebir,09,,Male,27,egersakubeti,kubeti,,3,Grade B,Other,friends,Agree
4/25/2020 8:52:05,,3/31/2020,Amhara,Siyadebir,09,,Male,38,egersakubeti,kubeti,,2,Grade B,Other,friends,Agree
4/25/2020 8:54:22,,3/31/2020,Amhara,Siyadebir,09,,Male,38,egersakubeti,kubeti,,2,Grade A,Other,friends,Agree
4/25/2020 8:56:25,,3/31/2020,Amhara,Siyadebir,09,,Male,30,wele,wele,,3,Grade B,Other,friends,Agree
4/25/2020 8:58:01,,3/31/2020,Amhara,Siyadebir,09,,Male,29,wele,wele,,3,Grade B,Other,friends,Agree
4/25/2020 8:59:48,,3/31/2020,Amhara,Siyadebir,09,,Male,26,wele,coby,,1,Disqualified,Other,friends,Agree
4/25/2020 9:01:26,,3/31/2020,Amhara,Siyadebir,09,,Male,28,wele,coby,,4,Disqualified,Other,friends,Agree
4/25/2020 9:02:59,,3/31/2020,Amhara,Siyadebir,09,,Male,27,wele,wele,,2,Grade A,Other,friends,Agree
4/25/2020 9:04:31,,3/31/2020,Amhara,Siyadebir,09,,Male,38,wele,wele,,3,Grade A,Other,friends,Agree
4/25/2020 9:06:32,,3/31/2020,Amhara,Siyadebir,09,,Male,38,egersakubeti,kubeti,,2,Grade B,Other,friends,Agree
4/25/2020 9:10:16,,4/2/2020,Amhara,Siyadebir,09,,Male,30,rome,abicho,,2,Grade A,Other,friends,Agree
4/25/2020 9:12:01,,4/2/2020,Amhara,Siyadebir,09,,Male,22,rome,abicho,,2,Grade A,Other,friends,Agree
4/25/2020 9:13:29,,4/2/2020,Amhara,Siyadebir,09,,Male,38,rome,qura,,1,Grade B,Other,friends,Agree
4/25/2020 9:15:20,,4/2/2020,Amhara,Siyadebir,09,,Female,32,rome,qura,,3,Grade A,Other,friends,Agree
4/25/2020 9:16:47,,4/2/2020,Amhara,Siyadebir,09,,Male,28,wele,wele,,1,Disqualified,Other,friends,Agree
4/25/2020 9:18:42,,4/2/2020,Amhara,Siyadebir,09,,Male,35,wele,abicho,,3,Grade B,Other,friends,Agree
4/25/2020 9:20:40,,4/2/2020,Amhara,Siyadebir,09,,Male,31,wele,wele,,2,Grade A,Other,friends,Agree
4/25/2020 9:22:51,,4/2/2020,Amhara,Siyadebir,09,,Male,31,rome,qura,,1,Grade A,Other,friends,Agree
4/25/2020 9:24:16,,4/2/2020,Amhara,Siyadebir,09,,Male,30,rome,qura,,2,Grade A,Other,friends,Agree
4/25/2020 9:25:51,,4/2/2020,Amhara,Siyadebir,09,,Male,30,egersakubeti,kubeti,,4,Grade A,Other,friends,Agree
4/25/2020 9:27:52,,4/2/2020,Amhara,Siyadebir,09,,Male,31,rome,gudula,,1,Grade A,Other,friends,Agree
4/29/2020 13:28:16,,4/4/2020,Amhara,Denbecha,11,,Male,37,Wadi,AdisAmba,,5,Grade A,Other,Banner,Agree
4/29/2020 13:30:21,,4/11/2020,Amhara,Denbecha,11,,Male,42,Wadi,Adis amba,,4,Grade A,Other,Banner,Agree
4/29/2020 13:33:19,,4/11/2020,Amhara,Denbecha,11,,Male,42,Enwonid,kes Amba,,1,Grade B,Other,Banner,Agree
4/29/2020 13:36:07,,4/11/2020,Amhara,Denbecha,11,,Male,30,Jajirab,Chifikat,,2,Grade A,Other,Banner,Agree
4/29/2020 13:38:33,,4/11/2020,Amhara,Denbecha,11,,Male,45,Jajirab,Chifikat,,6,Grade A,Other,Banner,Agree
4/29/2020 13:43:44,,4/18/2020,Amhara,Denbecha,11,,Male,60,Wadi,Garisha,,5,Grade A,Other,Banner,Agree
5/2/2020 9:03:41,,4/11/2020,Amhara,Basona Woerna,05,,Male,29,gudoberet,gudoberet,,1,Disqualified,Other,friends,Agree
5/2/2020 9:05:41,,4/11/2020,Amhara,Basona Woerna,05,,Male,32,gudoberet,gudoberet,,1,Grade C,Other,friends,Agree
5/2/2020 9:07:09,,4/11/2020,Amhara,Basona Woerna,05,,Male,38,gudoberet,misag,,1.5,Grade A,Other,friends,Agree
5/2/2020 9:13:32,,3/29/2020,Amhara,Basona Woerna,06,,Male,35,gushebado,gushebado,,1,Grade B,Other,friends,Agree
5/2/2020 9:15:32,,3/29/2020,Amhara,Basona Woerna,06,,Male,42,gushebado,gushebado,,0.5,Grade B,Other,friends,Agree
5/2/2020 9:20:40,,3/29/2020,Amhara,Basona Woerna,06,,Male,38,gushebado,werkrgur,,1.5,Grade A,Other,freinds,Agree
5/2/2020 9:22:34,,3/29/2020,Amhara,Basona Woerna,06,,Male,40,gushebado,arada,,1,Grade B,Other,friends,Agree
5/5/2020 11:28:38,,4/11/2020,Amhara,Denbecha,12,,Female,47,Jakirab,Deban,,4,Grade B,Other,Banner,Agree
5/5/2020 11:30:36,,4/18/2020,Amhara,Denbecha,11,,Male,40,Egizerabi,Wezen,,1,Grade B,Other,Banner,Agree
5/5/2020 11:35:49,,4/25/2020,Amhara,Denbecha,11,,Female,35,Asitebich,Hunebebe,,1,Grade A,Other,Banner,Agree
5/5/2020 11:38:33,,4/25/2020,Amhara,Denbecha,12,,Male,47,Yezeleka,Gotisha,,3,Grade A,Other,Banner,Agree
5/5/2020 11:39:53,,4/25/2020,Amhara,Denbecha,12,,Male,32,Yezeka,Gotisha,,2,Grade A,Other,Banner,Agree
5/5/2020 11:42:11,,4/29/2020,Amhara,Denbecha,11,,Male,36,Jajirab,Chafikat,,1,Disqualified,Other,Banner,Agree
5/5/2020 11:44:06,,4/24/2020,Amhara,Denbecha,11,,Male,47,Jajirab,Chafikat,,1,Grade A,Other,Banner,Agree
5/5/2020 11:45:47,,5/2/2020,Amhara,Denbecha,11,,Male,35,Jajirab,Chafikat,,1,Grade A,Other,Banner,Agree
5/5/2020 11:47:22,,5/2/2020,Amhara,Denbecha,12,,Male,46,Jajirab,Chafikat,,1,Grade B,Other,Banner,Agree
5/5/2020 11:49:50,,5/2/2020,Amhara,Denbecha,11,,Male,51,Jajirab,Chifikat,,4,Grade A,Other,Banner and leaflate,Agree
5/5/2020 11:51:08,,5/2/2020,Amhara,Denbecha,11,,Male,43,Jajirab,Chifikat,,1,Grade A,Other,Banner and leaflate,Agree
5/11/2020 15:05:27,,5/2/2020,Amhara,Basona Woerna,05,,Male,40,gidoberet,werge,,1.5,Grade A,Other,freiends,Agree
5/11/2020 15:08:48,,5/2/2020,Amhara,Basona Woerna,05,,Male,39,godoberet,tsemayinesh,,1.5,Disqualified,Other,friends,Agree
5/11/2020 15:10:06,,5/2/2020,Amhara,Basona Woerna,05,,Male,38,gudobeter,werge,,1,Grade A,Other,friends,Agree
5/11/2020 15:11:55,,5/2/2020,Amhara,Basona Woerna,05,,Male,50,gudoberete,werge,,1,Grade A,Other,freinds,Agree
5/11/2020 15:14:04,,5/9/2020,Amhara,Basona Woerna,05,,Female,60,gudoberet,adisge,,1.5,Disqualified,Other,friends,Agree
5/11/2020 15:17:25,,5/9/2020,Amhara,Basona Woerna,05,,Male,52,gudoberet,wenbero,,1,Grade A,Other,friends,Agree
5/11/2020 15:18:59,,5/9/2020,Amhara,Basona Woerna,05,,Male,30,gudoberet,gudoberet,,1,Grade B,Other,friends,Agree
5/11/2020 15:20:43,,5/9/2020,Amhara,Basona Woerna,05,,Female,51,gudoberet,wenbero,,0.5,Grade A,Other,friends,Agree
5/11/2020 15:22:23,,5/9/2020,Amhara,Basona Woerna,05,,Male,38,gudoberet,cheko,,1,Disqualified,Other,friends,Agree
5/11/2020 15:23:55,,5/9/2020,Amhara,Basona Woerna,05,,Male,35,gudoberet,gudoberet,,2,Grade B,Other,friends,Agree
5/11/2020 15:25:42,,5/9/2020,Amhara,Basona Woerna,05,,Male,53,gudoberet,werage,,0.5,Grade A,Other,friends,Agree
5/11/2020 15:27:05,,5/9/2020,Amhara,Basona Woerna,05,,Male,36,gudoberet,werge,,1,Grade A,Other,friends,Agree
5/11/2020 15:28:29,,5/9/2020,Amhara,Basona Woerna,05,,Female,38,gudoberet,wenbero,,1.5,Disqualified,Other,friends,Agree
5/11/2020 15:29:59,,5/9/2020,Amhara,Basona Woerna,05,,Female,44,gudoberet,adsge,,1,Grade A,Other,friends,Agree
5/11/2020 16:25:44,,4/27/2020,Amhara,Gozamen,03,,Male,48,Libanos,Yebabat,,1.5,Grade B,Other,"Bannesr,leaflate and friends",Agree
5/11/2020 16:28:00,,4/27/2020,Amhara,Gozamen,03,,Female,35,Libanos,Libanos,,1,Grade B,Other,"Bannesr,leaflate and friends",Agree
5/11/2020 16:30:13,,4/27/2020,Amhara,Gozamen,03,,Female,45,Libanos,Yebabat,,2.5,Grade A,Other,"Bannesr,leaflate and friends",Agree
5/11/2020 16:32:43,,4/27/2020,Amhara,Gozamen,03,,Female,45,Libanos ,Yebabat,,3,Grade B,Other,"Bannesr,leaflate and friends",Agree
5/11/2020 16:35:04,,4/27/2020,Amhara,Gozamen,03,,Male,42,Libanos,Yebabat,,1.5,Grade C,Other,"Bannesr,leaflate and friends",Agree
5/11/2020 16:37:03,,4/29/2020,Amhara,Gozamen,03,,Male,38,Libanos,Yebabat,,1,Grade B,Other,"Bannesr,leaflate and friends",Agree
5/11/2020 16:39:20,,4/29/2020,Amhara,Gozamen,03,,Female,35,Libanos,Keriched,,1,Grade B,Other,"Bannesr,leaflate and friends",Agree
5/11/2020 16:43:16,,4/4/2020,Amhara,Gozamen,03,,Male,40,Libanos,Koshimeda,,2.5,Grade B,Other,"Banner,leaflae,and friends",Agree
5/11/2020 16:45:36,,4/29/2020,Amhara,Gozamen,03,,Male,40,Libanos,Yebabat,,1.5,Grade C,Other,"Banner,leaflate and friend",Agree
5/11/2020 16:47:50,,4/29/2020,Amhara,Gozamen,03,,Male,50,Libanos,Yebabat,,0.5,Grade B,Community Video,"Banner,leaflate and friend",Agree
5/11/2020 16:50:07,,4/29/2020,Amhara,Gozamen,03,,Male,47,Libanos,Yebabat,,3,Grade A,Other,"Banner,leaflate and friend",Agree
5/11/2020 16:51:57,,4/29/2020,Amhara,Gozamen,03,,Male,45,Libanos,Goshimeda,,3.5,Grade C,Other,"Banner,leaflate and friend",Agree
5/11/2020 16:54:29,,4/29/2020,Amhara,Gozamen,03,,Male,38,Gomet,Abusi,,1,Grade C,Other,"Banner,leaflate and friend",Agree
5/11/2020 16:56:56,,4/29/2020,Amhara,Gozamen,03,,Male,34,Libanos,Yedefas,,0.5,Disqualified,Other,"Banner,leaflate and friend",Agree
5/11/2020 16:59:21,,4/29/2020,Amhara,Gozamen,03,,Male,40,Libanos,Yebuna,,1.5,Grade B,Other,"Banner,leaflate and friend",Agree
5/11/2020 17:04:49,,4/29/2020,Amhara,Gozamen,03,,Male,43,Libanos,Yebabat,,1,Grade C,Other,"Banner,leaflate and friend",Agree
5/11/2020 17:15:47,,4/29/2020,Amhara,Gozamen,03,,Male,35,Libanos ,Tachi Yebabat,,1.5,Disqualified,Other,"Banner,leaflate and friend",Agree
5/11/2020 17:20:11,,4/29/2020,Amhara,Gozamen,03,,Male,31,Libanos,Libanos,,1,Grade B,Other,"Banner,leaflate and friend",Agree
5/11/2020 17:22:30,,4/29/2020,Amhara,Gozamen,03,,Male,43,Libanos,Getim,,2,Grade B,Other,"Banner,leaflate and friend",Agree
5/18/2020 8:18:05,,5/9/2020,Amhara,Gozamen,03,,Male,41,Libanos,Libanos,,0.5,Grade B,Other,"Banner,leaflate and friend ",Agree
5/18/2020 8:19:33,,5/9/2020,Amhara,Gozamen,03,,Male,38,Libanos,Girar,,1,Grade A,Other,"Banner,leaflate and friend ",Agree
5/18/2020 8:22:11,,5/9/2020,Amhara,Gozamen,03,,Male,41,Balarif ,Yegoda,,0.5,Grade A,Other,Yegoda,Agree
5/18/2020 8:37:38,,5/9/2020,Amhara,Gozamen,03,,Male,43,Libanos,Ybuna,,1.5,Grade C,Other,"Banner,Leaflate and Freind ",Agree
5/18/2020 8:39:35,,5/9/2020,Amhara,Gozamen,03,,Male,37,Libanoa,Yebabit,,1,Disqualified,Other,"Banner,Leaflate and Freind ",Agree
5/18/2020 8:42:12,,5/9/2020,Amhara,Gozamen,03,,Male,37,Libanos,Yebabat,,1.5,Grade B,Other,"Banner,Leaflate and Freind ",Agree
5/18/2020 8:44:58,,5/9/2020,Amhara,Gozamen,03,,Male,42,Libanos,Adebech,,0.5,Grade C,Other,Banner and Leaflate,Agree
5/18/2020 8:46:48,,5/9/2020,Amhara,Gozamen,03,,Male,51,Libanos,Filikt,,0.5,Grade C,Other,Banner and Leaflate,Agree
5/18/2020 8:49:14,,5/9/2020,Amhara,Gozamen,03,,Male,48,Libanos,Libanos,,1,Grade B,Other,Banner and Leaflate,Agree
5/18/2020 8:51:30,,5/16/2020,Amhara,Gozamen,03,,Female,32,Libanos,Yebabit,,1,Grade B,Other,Banner and Leaflate,Agree
5/18/2020 8:52:57,,5/16/2020,Amhara,Gozamen,03,,Male,33,LIbanos,Yebabat,,2,Grade B,Other,Banner and Leaflate,Agree
5/18/2020 8:54:40,,5/16/2020,Amhara,Gozamen,03,,Male,43,Libanos,Yebabat,,0.5,Grade B,Other,Banner and Leaflate,Agree
5/18/2020 8:56:10,,5/16/2020,Amhara,Gozamen,03,,Male,31,Libanos,Yebabat,,1,Grade B,Other,Banner and Leaflate,Agree
5/18/2020 8:59:34,,5/16/2020,Amhara,Gozamen,03,,Male,27,Libanos,Chimit,,0.5,Grade A,Other,Banner and Leaflate,Agree
5/18/2020 9:01:32,,5/16/2020,Amhara,Gozamen,03,,Male,34,Libanos,Adebeji,,1.5,Disqualified,Other,Banner and Leaflate,Agree
5/18/2020 9:03:19,,5/16/2020,Amhara,Gozamen,03,,Male,31,Libanos,Filik,,0.5,Grade A,Other,Banner and Leaflate,Agree
5/18/2020 9:04:49,,5/16/2020,Amhara,Gozamen,03,,Male,30,LIbanos,Yebabat,,2,Grade B,Other,Banner and Leaflate,Agree
5/18/2020 9:08:53,,5/9/2020,Amhara,Gozamen,03,,Male,35,Egizerabi,Debrehan,,3,Grade A,Other,Banner and Leaflate,Agree
5/18/2020 9:11:11,,5/9/2020,Amhara,Gozamen,03,,Male,60,Egizerabi,Bebir,,1,Grade A,Other,,Agree
5/25/2020 10:12:33,,5/23/2020,Amhara,Gozamen,03,,Male,30,Libanos,Borebor,,1.5,Grade B,Other,"Banner,leaflate and friend",Agree
5/25/2020 10:14:58,,5/23/2020,Amhara,Gozamen,03,,Female,26,Deniba,Enjiriba,,0.5,Grade A,Other,"Banner,leaflate and friend",Agree
5/25/2020 10:25:47,,5/23/2020,Amhara,Gozamen,03,,Female,29,Libanos,Chimit,,1,Grade A,Other,"Banner,leaflate and friend",Agree
5/25/2020 10:27:19,,5/23/2020,Amhara,Gozamen,03,,Male,34,Deniba,Deniba,,0.5,Grade C,Other,"Banner,leaflate and friend",Agree
5/25/2020 10:28:58,,5/23/2020,Amhara,Gozamen,03,,Male,38,Libanos,Ziwal,,3,Grade A,Other,"Banner,leaflate and friend",Agree
5/25/2020 10:30:35,,5/23/2020,Amhara,Gozamen,03,,Male,42,Libanos,Libanos,,0.5,Grade B,Other,"Banner,leaflate and friend",Agree
5/25/2020 10:32:32,,5/23/2020,Amhara,Gozamen,03,,Male,34,Libanos,Yebabat,,0.5,Grade C,Other,"Banner,leaflate and friend",Agree
5/25/2020 10:34:16,,5/23/2020,Amhara,Gozamen,03,,Male,46,Libanos,Yebabat,,1,Grade A,Other,"Banner,leaflate and friend",Agree
5/25/2020 10:35:54,,5/23/2020,Amhara,Gozamen,03,,Male,29,Libanos,Yebabat,,0.5,Grade C,Other,"Banner,leaflate and friend",Agree
5/25/2020 10:38:42,,5/16/2020,Amhara,Gozamen,11,,Female,43,Egizerabi,Keregni,,1,Grade B,Other,"Banner,leaflate and friend",Agree
5/25/2020 10:42:29,,5/23/2020,Amhara,Denbecha,11,,Male,31,Jajirab,Chifikat,,2,Grade B,Other,"Banner,leaflate and friend",Agree
5/25/2020 10:44:25,,5/16/2020,Amhara,Denbecha,11,,Male,32,Jajirab,Chifikot,,7,Grade A,Other,"Banner,leaflate and friend",Agree
6/1/2020 9:27:52,,5/20/2020,Amhara,Denbecha,11,,Male,37,Egizerabi,Keriga,,1,Grade A,Other,"friends,leaflate and banner",Agree
6/1/2020 9:29:59,,5/20/2020,Amhara,Denbecha,11,,Male,42,Jajirab,Chifikat,,1,Grade A,Other,"friends,leaflate and banner",Agree
6/1/2020 9:32:06,,5/20/2020,Amhara,Denbecha,11,,Male,45,Egzerabi,Keragni,,1,Grade A,Other,"friends,leaflate and banner",Agree
6/1/2020 9:34:12,,5/20/2020,Amhara,Denbecha,11,,Male,50,Egizerabi,Baden,,1,Grade A,Other,"friends,leaflate and banner",Agree
6/1/2020 9:36:29,,5/23/2020,Amhara,Denbecha,11,,Male,53,Jajirab,Chifikot,,1,Grade A,Other,"friends,leaflate and banner",Agree
6/1/2020 9:38:35,,5/23/2020,Amhara,Denbecha,12,,Male,34,Egzerabi,Welagni,,1,Grade A,Other,"friends,leaflate and banner",Agree
6/1/2020 9:40:21,,5/23/2020,Amhara,Denbecha,12,,Male,31,Jajirab,Chifikot,,3,Disqualified,Other,"friends,leaflate and banner",Agree
6/1/2020 9:43:30,,5/29/2020,Amhara,Denbecha,11,,Male,47,Jajirabi,Diben,,1,Grade A,Other,"friends,leaflate and banner",Agree
6/1/2020 9:45:20,,5/29/2020,Amhara,Denbecha,11,,Male,51,Jajirab,Chfikot,,5,Grade A,Other,"friends,leaflate and banner",Agree
6/1/2020 9:47:14,,5/29/2020,Amhara,Denbecha,11,,Male,57,Jajirab,Menitaegir,,1,Grade B,Other,"friends,leaflate and banner",Agree
6/1/2020 9:49:23,,5/29/2020,Amhara,Denbecha,11,,Male,41,Jajirab,Diben,,3,Grade B,Other,"friends,leaflate and banner",Agree
6/1/2020 10:00:02,,5/20/2020,Amhara,Gozamen,03,,Male,30,Libanos,Birbir,,1.5,Grade B,Other,"friends,leaflate and banner",Agree
6/1/2020 10:02:01,,5/20/2020,Amhara,Gozamen,03,,Female,26,Deniba,Enjensa,,0.5,Grade A,Community Video,.,Agree
6/1/2020 10:04:03,,5/20/2020,Amhara,Gozamen,03,,Male,29,gomit,Abushi,,1,Grade A,Community Video,.,Agree
6/1/2020 10:05:45,,5/20/2020,Amhara,Gozamen,03,,Male,34,Deniba,Deniba,,0.5,Grade C,Community Video,,Agree
6/1/2020 10:07:21,,5/20/2020,Amhara,Gozamen,03,,Male,33,Libanos,Ziwala,,3,Grade C,Community Video,,Agree
6/1/2020 10:09:22,,5/20/2020,Amhara,Gozamen,03,,Male,42,Libanos,Boli,,0.5,Grade B,Community Video,,Agree
6/2/2020 14:21:00,,5/10/2020,Amhara,Basona Woerna,06,,Male,32,gushebado,zinjero gedel,,1,Grade A,Other,friends,Agree
6/2/2020 14:22:36,,5/10/2020,Amhara,Basona Woerna,06,,Male,40,gushebado,gushebado,,1,Disqualified,Other,freinds,Agree
6/2/2020 14:24:44,,5/10/2020,Amhara,Basona Woerna,06,,Male,42,gushebado,tilik amba,,0.5,Disqualified,Other,friend,Agree
6/2/2020 14:26:14,,5/10/2020,Amhara,Basona Woerna,06,,Male,38,gushebado,arada,,0.5,Grade A,Other,family,Agree
6/2/2020 14:28:18,,5/10/2020,Amhara,Basona Woerna,06,,Male,35,gushebado,gushebado,,0.5,Grade A,Other,friends,Agree
6/2/2020 14:28:18,,5/10/2020,Amhara,Basona Woerna,06,,Male,35,gushebado,gushebado,,0.5,Grade A,Other,friends,Agree
6/2/2020 14:29:56,,5/10/2020,Amhara,Basona Woerna,06,,Male,39,gushebado,zinjero gedel,,0.5,Grade B,Other,family ,Agree
6/2/2020 14:31:17,,5/10/2020,Amhara,Basona Woerna,06,,Male,46,gushebado,keskes,,0.5,Grade A,Other,family,Agree
6/2/2020 14:32:54,,5/10/2020,Amhara,Basona Woerna,06,,Male,49,gushebado,keskes,,0.5,Grade A,Other,friends,Agree
6/2/2020 14:34:35,,5/10/2020,Amhara,Basona Woerna,06,,Male,51,gushebado,tatalegn,,0.5,Grade C,Other,friends,Agree
6/2/2020 14:36:05,,5/10/2020,Amhara,Basona Woerna,06,,Male,28,gushebado,talak denba,,0.5,Disqualified,Other,family,Agree
6/2/2020 14:39:45,,5/30/2020,Amhara,Basona Woerna,05,,Male,52,gudoberet,silasfa,,0.5,Disqualified,Other,friends,Agree
6/2/2020 14:39:47,,5/30/2020,Amhara,Basona Woerna,05,,Male,52,gudoberet,silasfa,,0.5,Disqualified,Other,friends,Agree
6/2/2020 14:41:34,,5/30/2020,Amhara,Basona Woerna,05,,Male,35,gudoberet,gudoberet,,0.5,Grade A,Other,family,Agree
6/2/2020 14:43:16,,5/30/2020,Amhara,Basona Woerna,05,,Male,29,gudoberet,werage,,0.5,Disqualified,Other,friends,Agree
6/3/2020 8:22:16,,4/29/2020,Oromia,Arsi Negele,33,,Male,36,Gambelto,Awade,,4,Grade A,Community Video,,Agree
6/3/2020 8:22:30,,4/29/2020,Oromia,Arsi Negele,33,,Male,38,Gambelto,Awade,,1,Grade B,Community Video,,Agree
6/3/2020 8:22:32,,4/29/2020,Oromia,Arsi Negele,33,,Female,48,Gambelto,Homba,,1,Grade C,Community Video,,Agree
6/3/2020 8:22:36,,4/29/2020,Oromia,Arsi Negele,33,,Male,36,Adaba Tita,Sirba Holatu,,6,Grade B,Community Video,,Agree
6/3/2020 8:22:39,,4/29/2020,Oromia,Arsi Negele,33,,Male,41,A/Tita,sirba Holatu,,7,Grade A,Community Video,,Agree
6/3/2020 8:44:59,,5/1/2020,Oromia,Arsi Negele,33,,Female,41,B/Reji,sodo 4ffaa,,2,Grade B,Community Video,,Agree
6/3/2020 8:45:06,,5/1/2020,Oromia,Arsi Negele,33,,Male,52,B/Reji,sodda,,1,Grade A,Community Video,,Agree
6/3/2020 8:45:17,,5/1/2020,Oromia,Arsi Negele,33,,Male,50,Adaba Tita,Sirba fi Holatu,,2,Grade B,Community Video,,Agree
6/3/2020 8:45:20,,5/1/2020,Oromia,Arsi Negele,33,,Male,49,A/Tita,Sirba fi Holatu,,1,Grade A,Community Video,,Agree
6/3/2020 8:49:47,,5/4/2020,Oromia,Arsi Negele,33,,Male,47,A/Tita,Sirbaf Holatu,,4,Grade B,Community Video,,Agree
6/3/2020 8:49:50,,5/4/2020,Oromia,Arsi Negele,33,,Male,64,A/Tita,Sirbaf Holatu,,1,Grade B,Community Video,,Agree
6/3/2020 10:49:54,,5/4/2020,Oromia,Arsi Negele,33,,Male,47,A/Tita,Sirbaf Holatu,,4,Grade B,Community Video,,Agree
6/3/2020 10:53:20,,4/13/2020,Oromia,Arsi Negele,33,,Male,46,Gembelto,Homba,,1,Grade B,Other,other farmers,Agree
6/3/2020 10:56:23,,4/13/2020,Oromia,Arsi Negele,33,,Male,42,B/Reji,2ffaa,,7,Grade A,Other,other farmers,Agree
6/3/2020 10:58:40,,4/13/2020,Oromia,Arsi Negele,33,,Male,35,A/Tita,Sirba,,6,Grade C,Other,other farmers,Agree
6/3/2020 11:00:51,,4/13/2020,Oromia,Arsi Negele,33,,Male,30,B/Reji,2ffaa,,4,Grade A,Community Video,,Agree
6/3/2020 11:03:17,,4/16/2020,Oromia,Arsi Negele,33,,Male,40,A/Tita,Awadef Ladu,,4,Grade B,Other,other farmers,Agree
6/3/2020 11:05:42,,4/17/2020,Oromia,Arsi Negele,33,,Male,37,A/Tita,Hamba,,6,Grade B,Community Video,,Agree
6/3/2020 11:08:11,,4/17/2020,Oromia,Arsi Negele,33,,Male,40,G/Gurate,Gurate,,1,Grade A,Community Video,,Agree
6/3/2020 11:10:36,,4/20/2020,Oromia,Arsi Negele,33,,Male,45,A/Tita,Sirbaf Holatu,,1,Grade A,Community Video,,Agree
6/3/2020 11:12:33,,4/20/2020,Oromia,Arsi Negele,33,,Male,28,Danshe,Hafurso,,4,Grade A,Community Video,,Agree
6/3/2020 11:14:58,,6/22/2020,Oromia,Arsi Negele,33,,Male,32,Gmbelto,Hambo,,1,Grade C,Community Video,,Agree
6/3/2020 11:17:10,,4/20/2020,Oromia,Arsi Negele,33,,Male,40,A/Tita,Sirbaf Holtu,,1,Grade B,FTC,,Agree
6/3/2020 11:19:10,,4/20/2020,Oromia,Arsi Negele,33,,Female,48,A/Tita,Awadef Lafu,,5,Grade C,Other,other farmers,Agree
6/8/2020 10:36:31,,5/30/2020,Amhara,Denbecha,11,,Male,39,Egizerab,Chifkot,,1,Disqualified,Other,"Banner,",Agree
6/8/2020 10:38:44,,5/30/2020,Amhara,Denbecha,11,,Male,48,Egzaber ab,Bargenin,,1,Disqualified,Other,Banner,Agree
6/8/2020 10:42:11,,5/30/2020,Amhara,Gozamen,11,,Male,38,Yezleka ,Yebabat,,0.5,Grade C,Other,Banner,Agree
6/8/2020 10:44:31,,5/30/2020,Amhara,Gozamen,03,,Male,26,LIbanos,Yebabat,,1,Grade A,Other,Banner,Agree
6/8/2020 10:46:49,,5/30/2020,Amhara,Gozamen,03,,Male,29,Libanos,Yebabat,,0.5,Grade C,Other,Banner,Agree
6/15/2020 10:54:47,,5/9/2020,Amhara,Siyadebir,09,,Male,45,romr,gome,,1,Grade A,FTC,,Agree
6/15/2020 10:57:22,,5/9/2020,Amhara,Siyadebir,09,,Male,49,rome,gome,,2,Grade A,FTC,,Agree
6/15/2020 10:57:36,,5/9/2020,Amhara,Siyadebir,09,,Male,49,rome,gome,,2,Grade A,FTC,,Agree
6/15/2020 10:59:43,,5/9/2020,Amhara,Siyadebir,09,,Male,50,agegn,yegoch,,2,Grade C,FTC,,Agree
6/15/2020 11:01:46,,5/9/2020,Amhara,Siyadebir,09,,Male,49,agegn,yegoch,,1,Grade B,FTC,,Agree
6/15/2020 11:04:42,,5/9/2020,Amhara,Siyadebir,09,,Male,30,agegn,yegoch,,2,Grade A,Other,friends,Agree
6/15/2020 11:04:45,,5/9/2020,Amhara,Siyadebir,09,,Male,30,agegn,yegoch,,2,Grade A,Other,friends,Agree
6/15/2020 11:06:37,,5/12/2020,Amhara,Siyadebir,09,,Male,29,agegn,d/amba,,2,Grade A,FTC,,Agree
6/15/2020 11:09:15,,5/12/2020,Amhara,Siyadebir,09,,Male,41,agegn,d/amba,,2,Grade B,FTC,,Agree
6/15/2020 11:12:28,,5/16/2020,Amhara,Siyadebir,09,,Male,35,agegn,yegosh,,2,Grade A,Other,friends,Agree
6/15/2020 11:14:47,,5/16/2020,Amhara,Siyadebir,09,,Male,36,e/mena,golel,,2,Grade A,Other,friends,Agree
6/15/2020 11:17:10,,2/23/2020,Amhara,Siyadebir,09,,Male,35,lafto,golel,,2,Grade A,Community Video,,Agree
6/15/2020 11:19:13,,5/23/2020,Amhara,Siyadebir,09,,Male,45,lafto,gamgo,,2,Grade A,Other,friends,Agree
6/15/2020 11:21:48,,5/30/2020,Amhara,Siyadebir,09,,Male,41,lafto,gomga,,2,Grade A,Other,friends,Agree
6/15/2020 11:23:46,,5/30/2020,Amhara,Siyadebir,09,,Male,35,lafto,golee,,5,Grade A,Other,freinds,Agree
6/15/2020 11:27:24,,5/12/2020,Amhara,Siyadebir,10,,Male,33,egersa kubete,kubete,,3,Grade A,Other,friends,Agree
6/15/2020 11:29:24,,5/12/2020,Amhara,Siyadebir,10,,Male,28,rome,egu,,2,Grade B,Other,friends,Agree
6/15/2020 11:32:13,,5/12/2020,Amhara,Siyadebir,10,,Male,34,ejeresa kubeti,kubeti,,4,Grade A,Other,friends,Agree
6/15/2020 11:33:51,,5/12/2020,Amhara,Siyadebir,10,,Male,31,ejersa kubeti,kubeti,,2,Grade B,Other,friends,Agree
6/15/2020 11:35:53,,5/12/2020,Amhara,Siyadebir,10,,Male,32,wele,cobe,,1,Grade B,Other,friends,Agree
6/15/2020 11:39:51,,5/19/2020,Amhara,Siyadebir,10,,Male,30,rome,gondegote,,1,Grade A,Other,friends,Agree
6/15/2020 11:41:02,,5/19/2020,Amhara,Siyadebir,10,,Male,30,rome,gondegote,,1,Grade A,Other,friends,Agree
6/15/2020 11:43:15,,5/23/2020,Amhara,Siyadebir,10,,Male,35,wele,anbeso,,1,Grade A,Other,friends,Agree
6/15/2020 11:45:04,,5/23/2020,Amhara,Siyadebir,10,,Male,28,ejersa kubeti,kubeti,,1,Grade B,Other,friends,Agree
6/15/2020 11:52:28,,5/23/2020,Amhara,Siyadebir,10,,Female,26,wele,bonayo,,2,Grade A,Other,friends,Agree
6/15/2020 11:54:16,,5/23/2020,Amhara,Siyadebir,10,,Male,28,rome,sekela,,2,Grade B,Other,friends,Agree
6/15/2020 11:55:52,,5/23/2020,Amhara,Siyadebir,10,,Male,28,rome,egu,,2,Grade A,Other,family,Agree
6/15/2020 11:57:41,,5/23/2020,Amhara,Siyadebir,10,,Male,30,rome,egu,,2,Grade B,Other,friends,Agree
6/16/2020 12:30:54,,6/6/2020,Amhara,Gozamen,03,,Male,42,Libanos,Yebo Arijina,,0.5,Grade B,Other,Banner,Agree
6/16/2020 12:32:51,,6/6/2020,Amhara,Gozamen,03,,Male,38,Libanos,Felekit,,1,Grade C,Other,Friend,Agree
6/16/2020 12:45:27,,6/11/2020,Oromia,Gasera,24,,Male,29,Balo Amigna,Aboye,,2,Grade A,Other,From shop owner,Agree
6/16/2020 12:55:59,,6/11/2020,Oromia,Gasera,24,,Male,22,Balo Amigna,Agoye,,0.5,Grade A,Other,Shop owner,Agree
6/16/2020 13:26:41,,6/4/2020,Oromia,Gasera,24,,Male,21,Balo Amigna,Agoye,,5,Grade A,Other,Shop owner,Agree
6/16/2020 13:31:39,,6/4/2020,Oromia,Gasera,24,,Male,20,Balo Amigna,Agoye,,8,Grade A,Other,Shop owner,Agree
6/16/2020 13:42:24,,6/11/2020,Oromia,Gasera,24,,Male,35,Homa Abu,Jibo,,1,Grade A,Other,Shop owner,Agree
6/16/2020 14:45:17,,6/13/2020,SNNP,Lemo,45,,Female,35,Hossana ,Hossana,,10,Grade B,Other,Entrepreneurs promotion ,Strongly agree
6/16/2020 14:48:57,,6/13/2020,SNNP,Lemo,45,,Male,35,Hossana,Hossana,,6,Grade C,Other,Entrepreneurs promotion ,Agree
6/17/2020 8:17:35,,5/9/2020,Oromia,Dendi,43,,Male,50,Worka Worebo,Borcho,,0.5,Grade B,Other,From farmer ,Agree
6/17/2020 8:21:20,,5/13/2020,Oromia,Dendi,44,,Female,36,Galesa ,mulo,,0.5,Grade C,Other,from farmers ,Agree
6/17/2020 8:24:51,,5/13/2020,Oromia,Dendi,44,,Male,45,Galesa,Mulo,,0.5,Grade C,Other,from entrepreneur ,Agree
6/17/2020 8:28:37,,5/16/2020,Oromia,Dendi,43,,Male,55,Deno Ejersa Gibe,bako,,1,Grade A,Other,from farmers ,Agree
6/17/2020 8:33:21,,5/20/2020,Oromia,Dendi,43,,Male,50,Faji Galila,Galila,,0.5,Grade B,FTC,,Agree
6/17/2020 8:36:03,,5/20/2020,Oromia,Dendi,43,,Male,38,Worka Warabo,Barcho,,0.5,Grade A,Community Video,,Agree
6/17/2020 8:50:10,,5/23/2020,Oromia,Dendi,43,,Male,60,Faji Galila,Galila,,0.5,Grade C,FTC,,Agree
6/17/2020 8:57:59,,5/27/2020,Oromia,Dendi,43,,Male,38,Worka Worebo,borcho,,0.5,Grade B,Other,from farmers,Agree
6/17/2020 9:01:00,,5/27/2020,Oromia,Dendi,43,,Male,40,Worka Worebo,Borcho,,0.5,Grade C,Community Video,From entrepreneur ,No difference
6/17/2020 9:03:34,,5/29/2020,Oromia,Dendi,43,,Male,60,Deno ejersa gibe ,ejersa gibe,,0.5,Grade A,Other,from farmers,No difference
6/17/2020 9:06:34,,5/31/2020,Oromia,Dendi,43,,Male,43,worka Worebo,wajitu,,0.5,Grade B,Other,from farmers ,Agree
6/17/2020 9:09:05,,5/31/2020,Oromia,Dendi,43,,Male,60,Deno ejersa gibe ,deno,,0.5,Grade B,Other,from farmers,Agree
6/17/2020 15:11:59,,6/15/2020,Oromia,Gasera,24,,Male,30,Homa Abu,Abu Guri,,25,Grade A,Other,,Agree
6/17/2020 15:15:12,,6/15/2020,Oromia,Gasera,24,,Female,70,Homa Abu,Abu Guri,,8,Grade B,Other,,Agree
6/17/2020 15:17:33,,6/15/2020,Oromia,Gasera,24,,Male,42,Homa Abu,Abu Guri,,5,Grade B,Other,,Agree
6/17/2020 15:20:15,,6/16/2020,Oromia,Gasera,24,,Male,28,Homa Abu,Abu Guri,,35,Grade A,Other,,Agree
6/17/2020 15:22:18,,6/16/2020,Oromia,Gasera,24,,Male,26,Balo Amigna,Agoye,,25,Grade A,Other,,Agree
6/17/2020 15:24:14,,6/16/2020,Oromia,Gasera,24,,Male,32,Homa Abu,Abu Guri,,20,Grade B,Other,,
6/23/2020 22:32:46,,6/20/2020,SNNP,Lemo,45,,Male,39,Hossana,Hossana,,10,Grade B,Other,Entrepreneurs market level promotion ,Strongly agree
6/23/2020 22:35:36,,6/20/2020,SNNP,Lemo,45,,Male,36,Hossana,Hossana,,5,Grade A,Other,Entrepreneurs market promotion ,Strongly agree